	_25th_percentile_earnings	_50th_percentile_earnings	_75th_percentile_earnings	average_earnings	campus	entry_status	hegis_at_exit	location	major	number_of_students_found	potential_number_of_students	potential_number_of_students_for_each_year_out_of_school	student_path	year
0	$76,932	$95,454	$115,529	$94,832	70	FTF + FTT	12032	Northridge	Nursing-12032	111	161	125	1	2
1	$91,319	$106,260	$132,826	$107,679	70	FTF + FTT	12032	Northridge	Nursing-12032	54	161	57	1	5
2					70	FTF + FTT	12032	Northridge	Nursing-12032		161		1	10
3					70	FTF + FTT	12032	Northridge	Nursing-12032		161		1	15
4	$14,512	$17,887	$24,881	$20,219	70	FTF + FTT	3085	Northridge	Latin/Central American Studies	18	26	20	1	2
5	$16,870	$35,385	$52,158	$33,404	70	FTF + FTT	3085	Northridge	Latin/Central American Studies	7	26	8	1	5
6					70	FTF + FTT	3085	Northridge	Latin/Central American Studies		26		1	10
7					70	FTF + FTT	3085	Northridge	Latin/Central American Studies		26		1	15
8	$12,167	$26,053	$44,388	$30,312	70	FTF + FTT	4011	Northridge	Biology	921	1,475	1,245	1	2
9	$19,804	$44,509	$63,048	$46,043	70	FTF + FTT	4011	Northridge	Biology	608	1,475	895	1	5
10	$35,407	$66,297	$93,773	$72,818	70	FTF + FTT	4011	Northridge	Biology	295	1,475	447	1	10
11	$40,097	$80,556	$106,613	$84,567	70	FTF + FTT	4011	Northridge	Biology	102	1,475	166	1	15
12	$25,023	$41,129	$53,290	$39,646	70	FTF + FTT	4111	Northridge	Microbiology	83	130	103	1	2
13	$41,366	$60,899	$75,705	$57,184	70	FTF + FTT	4111	Northridge	Microbiology	53	130	70	1	5
14	$61,312	$77,297	$93,387	$76,767	70	FTF + FTT	4111	Northridge	Microbiology	31	130	44	1	10
15	$58,012	$86,239	$95,821	$80,962	70	FTF + FTT	4111	Northridge	Microbiology	17	130	22	1	15
16	$15,560	$36,316	$47,138	$35,471	70	FTF + FTT	4141	Northridge	Biochemistry	106	155	133	1	2
17	$30,105	$51,205	$60,205	$46,545	70	FTF + FTT	4141	Northridge	Biochemistry	67	155	85	1	5
18	$42,266	$59,191	$77,026	$60,561	70	FTF + FTT	4141	Northridge	Biochemistry	24	155	32	1	10
19					70	FTF + FTT	4141	Northridge	Biochemistry	4	155	8	1	15
20	$16,653	$41,585	$51,543	$34,610	70	FTF + FTT	4152	Northridge	Biomedical Physics	12	13	13	1	2
21	$5,538	$62,051	$105,894	$63,982	70	FTF + FTT	4152	Northridge	Biomedical Physics	10	13	13	1	5
22	$56,051	$83,087	$148,671	$99,758	70	FTF + FTT	4152	Northridge	Biomedical Physics	7	13	7	1	10
23					70	FTF + FTT	4152	Northridge	Biomedical Physics	1	13	1	1	15
24	$14,325	$37,230	$48,903	$34,261	70	FTF + FTT	4171	Northridge	Cell and Molecular Biology	167	307	225	1	2
25	$25,954	$50,200	$68,909	$49,857	70	FTF + FTT	4171	Northridge	Cell and Molecular Biology	91	307	139	1	5
26	$48,248	$63,758	$105,229	$74,515	70	FTF + FTT	4171	Northridge	Cell and Molecular Biology	44	307	61	1	10
27	$51,033	$76,656	$105,264	$83,711	70	FTF + FTT	4171	Northridge	Cell and Molecular Biology	12	307	27	1	15
28	$6,753	$20,243	$38,601	$25,577	70	FTF + FTT	4201	Northridge	Environmental Biology & Ecology	66	96	81	1	2
29	$17,668	$37,503	$56,817	$40,962	70	FTF + FTT	4201	Northridge	Environmental Biology & Ecology	42	96	61	1	5
30	$43,056	$70,098	$91,101	$65,857	70	FTF + FTT	4201	Northridge	Environmental Biology & Ecology	19	96	31	1	10
31	$20,651	$86,014	$122,971	$72,875	70	FTF + FTT	4201	Northridge	Environmental Biology & Ecology	8	96	13	1	15
32	$18,427	$37,196	$52,891	$37,914	70	FTF + FTT	5011	Northridge	Business Administration	740	1,072	952	1	2
33	$26,985	$50,217	$67,661	$50,055	70	FTF + FTT	5011	Northridge	Business Administration	548	1,072	736	1	5
34	$51,243	$71,218	$103,363	$79,455	70	FTF + FTT	5011	Northridge	Business Administration	193	1,072	276	1	10
35	$113,225	$144,946	$162,811	$145,662	70	FTF + FTT	5011	Northridge	Business Administration	5	1,072	13	1	15
36					70	FTF + FTT	5012	Northridge	Business Education	4	7	7	1	2
37					70	FTF + FTT	5012	Northridge	Business Education	3	7	7	1	5
38	$17,848	$28,549	$69,491	$52,664	70	FTF + FTT	5012	Northridge	Business Education	5	7	7	1	10
39					70	FTF + FTT	5012	Northridge	Business Education	2	7	5	1	15
40	$41,602	$55,354	$63,510	$52,188	70	FTF + FTT	5021	Northridge	Accounting	2,087	2,635	2,348	1	2
41	$49,396	$67,999	$82,466	$66,007	70	FTF + FTT	5021	Northridge	Accounting	1,470	2,635	1,797	1	5
42	$54,895	$82,417	$109,426	$83,559	70	FTF + FTT	5021	Northridge	Accounting	824	2,635	1,103	1	10
43	$65,293	$98,750	$137,361	$102,945	70	FTF + FTT	5021	Northridge	Accounting	324	2,635	458	1	15
44	$30,126	$45,801	$59,927	$48,988	70	FTF + FTT	5041	Northridge	Finance	3,108	3,932	3,669	1	2
45	$38,120	$57,108	$76,048	$61,095	70	FTF + FTT	5041	Northridge	Finance	2,396	3,932	3,004	1	5
46	$45,523	$72,508	$99,904	$81,974	70	FTF + FTT	5041	Northridge	Finance	1,102	3,932	1,532	1	10
47	$48,191	$77,718	$118,121	$100,576	70	FTF + FTT	5041	Northridge	Finance	320	3,932	481	1	15
48	$27,217	$42,085	$55,095	$43,283	70	FTF + FTT	5061	Northridge	Management-5061	2,503	3,447	2,928	1	2
49	$35,771	$52,299	$72,404	$56,908	70	FTF + FTT	5061	Northridge	Management-5061	1,650	3,447	2,039	1	5
50	$44,698	$67,568	$96,418	$75,916	70	FTF + FTT	5061	Northridge	Management-5061	600	3,447	818	1	10
51	$57,890	$84,552	$121,542	$100,261	70	FTF + FTT	5061	Northridge	Management-5061	130	3,447	193	1	15
52					70	FTF + FTT	5062	Northridge	Management-5062	3	3	3	1	2
53					70	FTF + FTT	5062	Northridge	Management-5062	3	3	3	1	5
54					70	FTF + FTT	5062	Northridge	Management-5062	3	3	3	1	10
55					70	FTF + FTT	5062	Northridge	Management-5062	3	3	3	1	15
56					70	FTF + FTT	5064	Northridge	Production and Operations Management	3	5	5	1	2
57					70	FTF + FTT	5064	Northridge	Production and Operations Management	4	5	5	1	5
58					70	FTF + FTT	5064	Northridge	Production and Operations Management	4	5	5	1	10
59					70	FTF + FTT	5064	Northridge	Production and Operations Management	3	5	5	1	15
60	$25,351	$44,229	$59,612	$44,930	70	FTF + FTT	5072	Northridge	Management Systems Analysis / Operations Research	183	245	214	1	2
61	$34,308	$53,953	$78,694	$56,444	70	FTF + FTT	5072	Northridge	Management Systems Analysis / Operations Research	120	245	164	1	5
62	$56,002	$69,304	$99,232	$77,588	70	FTF + FTT	5072	Northridge	Management Systems Analysis / Operations Research	47	245	84	1	10
63	$77,549	$82,597	$92,054	$81,321	70	FTF + FTT	5072	Northridge	Management Systems Analysis / Operations Research	14	245	25	1	15
64	$24,876	$39,762	$52,217	$40,213	70	FTF + FTT	5091	Northridge	Marketing	2,423	3,218	2,882	1	2
65	$33,143	$51,773	$68,422	$53,792	70	FTF + FTT	5091	Northridge	Marketing	1,767	3,218	2,293	1	5
66	$41,675	$67,414	$94,924	$72,410	70	FTF + FTT	5091	Northridge	Marketing	700	3,218	1,036	1	10
67	$44,495	$75,178	$107,219	$80,960	70	FTF + FTT	5091	Northridge	Marketing	194	3,218	305	1	15
68	$23,764	$39,163	$53,787	$43,255	70	FTF + FTT	5111	Northridge	Real Estate	299	443	411	1	2
69	$26,327	$46,374	$63,836	$51,130	70	FTF + FTT	5111	Northridge	Real Estate	226	443	339	1	5
70	$35,516	$66,026	$89,975	$69,760	70	FTF + FTT	5111	Northridge	Real Estate	74	443	124	1	10
71	$31,699	$84,610	$108,756	$82,880	70	FTF + FTT	5111	Northridge	Real Estate	11	443	21	1	15
72	$27,027	$42,587	$55,041	$42,362	70	FTF + FTT	5131	Northridge	International Business	151	201	200	1	2
73	$33,755	$53,241	$66,147	$51,823	70	FTF + FTT	5131	Northridge	International Business	130	201	200	1	5
74	$37,848	$55,476	$72,440	$58,391	70	FTF + FTT	5131	Northridge	International Business	85	201	168	1	10
75	$22,618	$47,993	$86,588	$66,667	70	FTF + FTT	5131	Northridge	International Business	29	201	60	1	15
76	$27,630	$44,385	$57,107	$44,239	70	FTF + FTT	5151	Northridge	Human Resources/Personnel Management	156	173	170	1	2
77	$31,758	$52,445	$67,001	$50,949	70	FTF + FTT	5151	Northridge	Human Resources/Personnel Management	142	173	169	1	5
78	$41,460	$68,923	$88,297	$66,463	70	FTF + FTT	5151	Northridge	Human Resources/Personnel Management	67	173	90	1	10
79	$41,213	$81,980	$97,138	$74,247	70	FTF + FTT	5151	Northridge	Human Resources/Personnel Management	30	173	38	1	15
80	$20,224	$40,358	$58,389	$42,852	70	FTF + FTT	5995	Northridge	Business Law	109	136	136	1	2
81	$21,785	$46,953	$66,260	$51,592	70	FTF + FTT	5995	Northridge	Business Law	105	136	136	1	5
82	$29,215	$52,104	$90,595	$63,670	70	FTF + FTT	5995	Northridge	Business Law	91	136	134	1	10
83	$14,474	$73,280	$107,903	$76,307	70	FTF + FTT	5995	Northridge	Business Law	31	136	51	1	15
84	$17,853	$31,017	$43,231	$31,866	70	FTF + FTT	6022	Northridge	Journalism	1,660	2,290	1,983	1	2
85	$21,903	$41,063	$57,233	$42,764	70	FTF + FTT	6022	Northridge	Journalism	1,115	2,290	1,466	1	5
86	$33,919	$53,555	$79,935	$60,172	70	FTF + FTT	6022	Northridge	Journalism	454	2,290	648	1	10
87	$31,988	$57,784	$93,200	$65,999	70	FTF + FTT	6022	Northridge	Journalism	165	2,290	257	1	15
88	$14,906	$28,530	$42,072	$30,414	70	FTF + FTT	6031	Northridge	Radio/Television/Broadcast	3,112	4,153	3,633	1	2
89	$21,587	$40,887	$59,582	$43,450	70	FTF + FTT	6031	Northridge	Radio/Television/Broadcast	2,111	4,153	2,570	1	5
90	$32,048	$54,037	$78,446	$59,749	70	FTF + FTT	6031	Northridge	Radio/Television/Broadcast	812	4,153	1,098	1	10
91	$33,659	$63,813	$97,053	$72,561	70	FTF + FTT	6031	Northridge	Radio/Television/Broadcast	212	4,153	316	1	15
92	$37,676	$58,798	$76,455	$58,681	70	FTF + FTT	7012	Northridge	Computer Science and Information Technology	700	974	813	1	2
93	$55,346	$79,439	$98,394	$78,626	70	FTF + FTT	7012	Northridge	Computer Science and Information Technology	541	974	665	1	5
94	$65,787	$94,980	$121,892	$105,938	70	FTF + FTT	7012	Northridge	Computer Science and Information Technology	357	974	448	1	10
95	$83,977	$107,253	$137,445	$127,379	70	FTF + FTT	7012	Northridge	Computer Science and Information Technology	81	974	113	1	15
96	$37,833	$51,599	$67,218	$53,413	70	FTF + FTT	7021	Northridge	Information Systems	860	1,076	1,007	1	2
97	$47,208	$66,361	$87,992	$69,044	70	FTF + FTT	7021	Northridge	Information Systems	706	1,076	872	1	5
98	$59,341	$82,748	$107,931	$88,643	70	FTF + FTT	7021	Northridge	Information Systems	466	1,076	636	1	10
99	$62,196	$92,280	$120,241	$104,121	70	FTF + FTT	7021	Northridge	Information Systems	169	1,076	240	1	15
100	$15,720	$27,547	$39,111	$28,836	70	FTF + FTT	8231	Northridge	Child Development	2,045	2,858	2,495	1	2
101	$21,566	$36,070	$51,504	$36,920	70	FTF + FTT	8231	Northridge	Child Development	1,520	2,858	1,953	1	5
102	$25,456	$45,215	$63,941	$46,614	70	FTF + FTT	8231	Northridge	Child Development	771	2,858	1,157	1	10
103	$26,851	$55,468	$76,020	$52,292	70	FTF + FTT	8231	Northridge	Child Development	293	2,858	479	1	15
104	$13,398	$25,067	$38,587	$28,017	70	FTF + FTT	8351	Northridge	Kinesiology	1,625	2,506	1,921	1	2
105	$21,586	$41,188	$59,906	$43,962	70	FTF + FTT	8351	Northridge	Kinesiology	985	2,506	1,252	1	5
106	$27,551	$59,666	$78,587	$59,179	70	FTF + FTT	8351	Northridge	Kinesiology	421	2,506	568	1	10
107	$30,974	$71,330	$91,583	$73,601	70	FTF + FTT	8351	Northridge	Kinesiology	142	2,506	190	1	15
108	$16,001	$28,582	$38,864	$31,278	70	FTF + FTT	8375	Northridge	Athletic Training	40	74	49	1	2
109	$32,633	$46,006	$54,374	$46,725	70	FTF + FTT	8375	Northridge	Athletic Training	13	74	19	1	5
110					70	FTF + FTT	8375	Northridge	Athletic Training		74		1	10
111					70	FTF + FTT	8375	Northridge	Athletic Training		74		1	15
112					70	FTF + FTT	9011	Northridge	Engineering	3	5	5	1	2
113					70	FTF + FTT	9011	Northridge	Engineering	3	5	5	1	5
114					70	FTF + FTT	9011	Northridge	Engineering	3	5	5	1	10
115					70	FTF + FTT	9011	Northridge	Engineering	2	5	2	1	15
116	$39,381	$59,479	$72,659	$56,192	70	FTF + FTT	9081	Northridge	Civil Engineering	282	454	339	1	2
117	$55,468	$75,663	$90,118	$73,148	70	FTF + FTT	9081	Northridge	Civil Engineering	156	454	197	1	5
118	$84,262	$100,242	$116,034	$107,544	70	FTF + FTT	9081	Northridge	Civil Engineering	46	454	59	1	10
119	$74,537	$104,010	$111,645	$89,936	70	FTF + FTT	9081	Northridge	Civil Engineering	10	454	13	1	15
120	$42,009	$63,573	$81,912	$61,828	70	FTF + FTT	9091	Northridge	Electrical Engineering	296	479	393	1	2
121	$58,437	$76,032	$94,463	$76,578	70	FTF + FTT	9091	Northridge	Electrical Engineering	191	479	283	1	5
122	$67,375	$87,301	$117,699	$92,528	70	FTF + FTT	9091	Northridge	Electrical Engineering	83	479	134	1	10
123	$92,440	$118,298	$165,867	$123,110	70	FTF + FTT	9091	Northridge	Electrical Engineering	20	479	36	1	15
124	$34,084	$57,578	$73,594	$53,847	70	FTF + FTT	9094	Northridge	Computer Engineering	115	166	138	1	2
125	$55,420	$79,301	$93,775	$76,934	70	FTF + FTT	9094	Northridge	Computer Engineering	72	166	101	1	5
126	$65,024	$96,370	$125,597	$142,419	70	FTF + FTT	9094	Northridge	Computer Engineering	23	166	34	1	10
127					70	FTF + FTT	9094	Northridge	Computer Engineering		166		1	15
128	$47,829	$62,307	$71,774	$58,473	70	FTF + FTT	9101	Northridge	Mechanical Engineering	408	637	479	1	2
129	$59,397	$74,074	$89,386	$73,653	70	FTF + FTT	9101	Northridge	Mechanical Engineering	246	637	292	1	5
130	$72,075	$97,050	$119,766	$97,032	70	FTF + FTT	9101	Northridge	Mechanical Engineering	87	637	106	1	10
131	$97,331	$106,560	$141,126	$120,569	70	FTF + FTT	9101	Northridge	Mechanical Engineering	15	637	26	1	15
132	$37,157	$64,678	$73,308	$56,707	70	FTF + FTT	9134	Northridge	Manufacturing Engineering	34	48	39	1	2
133	$61,504	$80,296	$88,721	$77,295	70	FTF + FTT	9134	Northridge	Manufacturing Engineering	22	48	24	1	5
134					70	FTF + FTT	9134	Northridge	Manufacturing Engineering	3	48	8	1	10
135					70	FTF + FTT	9134	Northridge	Manufacturing Engineering		48	3	1	15
136	$36,713	$56,593	$69,490	$52,884	70	FTF + FTT	9254	Northridge	Construction Engineering Technology	90	124	99	1	2
137	$54,808	$72,933	$91,497	$72,938	70	FTF + FTT	9254	Northridge	Construction Engineering Technology	36	124	46	1	5
138					70	FTF + FTT	9254	Northridge	Construction Engineering Technology		124		1	10
139					70	FTF + FTT	9254	Northridge	Construction Engineering Technology		124		1	15
140	$13,315	$26,154	$39,435	$28,191	70	FTF + FTT	10021	Northridge	Art	1,375	2,067	1,732	1	2
141	$19,711	$37,822	$54,070	$39,076	70	FTF + FTT	10021	Northridge	Art	895	2,067	1,188	1	5
142	$23,568	$46,809	$68,691	$51,557	70	FTF + FTT	10021	Northridge	Art	388	2,067	597	1	10
143	$27,321	$55,218	$81,165	$65,588	70	FTF + FTT	10021	Northridge	Art	111	2,067	192	1	15
144	$10,040	$29,160	$42,494	$32,729	70	FTF + FTT	10031	Northridge	Art History	73	92	92	1	2
145	$18,862	$39,101	$54,301	$41,190	70	FTF + FTT	10031	Northridge	Art History	65	92	90	1	5
146	$19,788	$53,717	$71,509	$58,731	70	FTF + FTT	10031	Northridge	Art History	24	92	34	1	10
147	$15,908	$51,991	$75,076	$47,819	70	FTF + FTT	10031	Northridge	Art History	15	92	21	1	15
148	$4,691	$13,268	$28,246	$19,013	70	FTF + FTT	10041	Northridge	Music - Performance	283	510	406	1	2
149	$6,483	$18,565	$44,799	$26,779	70	FTF + FTT	10041	Northridge	Music - Performance	177	510	278	1	5
150	$9,125	$28,531	$58,823	$36,510	70	FTF + FTT	10041	Northridge	Music - Performance	70	510	110	1	10
151	$13,879	$30,417	$69,611	$42,499	70	FTF + FTT	10041	Northridge	Music - Performance	22	510	38	1	15
152	$12,408	$27,299	$42,519	$28,325	70	FTF + FTT	10051	Northridge	Music	500	679	603	1	2
153	$13,962	$33,010	$55,836	$36,681	70	FTF + FTT	10051	Northridge	Music	333	679	437	1	5
154	$25,172	$54,467	$70,051	$52,907	70	FTF + FTT	10051	Northridge	Music	135	679	222	1	10
155	$16,970	$56,466	$78,666	$58,008	70	FTF + FTT	10051	Northridge	Music	34	679	64	1	15
156	$8,397	$19,987	$32,785	$22,522	70	FTF + FTT	10071	Northridge	Theatre Arts	412	553	483	1	2
157	$12,141	$24,357	$43,123	$29,222	70	FTF + FTT	10071	Northridge	Theatre Arts	262	553	342	1	5
158	$17,952	$38,217	$68,351	$43,898	70	FTF + FTT	10071	Northridge	Theatre Arts	104	553	147	1	10
159	$23,441	$48,261	$79,045	$61,278	70	FTF + FTT	10071	Northridge	Theatre Arts	25	553	42	1	15
160	$16,083	$32,353	$45,044	$32,183	70	FTF + FTT	10091	Northridge	Graphic Design	636	768	767	1	2
161	$27,197	$44,003	$58,433	$44,718	70	FTF + FTT	10091	Northridge	Graphic Design	567	768	727	1	5
162	$34,436	$55,364	$76,948	$58,838	70	FTF + FTT	10091	Northridge	Graphic Design	236	768	352	1	10
163	$31,028	$60,389	$85,290	$62,666	70	FTF + FTT	10091	Northridge	Graphic Design	82	768	123	1	15
164	$17,233	$31,028	$43,162	$34,298	70	FTF + FTT	10101	Northridge	Cinema/Film	207	232	231	1	2
165	$23,525	$43,713	$62,634	$48,800	70	FTF + FTT	10101	Northridge	Cinema/Film	190	232	228	1	5
166	$25,542	$51,180	$81,890	$62,825	70	FTF + FTT	10101	Northridge	Cinema/Film	176	232	224	1	10
167	$30,546	$64,416	$103,316	$75,885	70	FTF + FTT	10101	Northridge	Cinema/Film	76	232	100	1	15
168	$8,639	$20,882	$32,139	$22,219	70	FTF + FTT	11031	Northridge	World Languages and Cultures/Translation	67	109	98	1	2
169	$12,317	$28,947	$50,593	$31,945	70	FTF + FTT	11031	Northridge	World Languages and Cultures/Translation	50	109	80	1	5
170	$9,460	$35,873	$53,541	$38,511	70	FTF + FTT	11031	Northridge	World Languages and Cultures/Translation	18	109	30	1	10
171	$48,095	$58,960	$75,287	$61,358	70	FTF + FTT	11031	Northridge	World Languages and Cultures/Translation	5	109	8	1	15
172	$14,092	$29,436	$45,322	$30,117	70	FTF + FTT	11051	Northridge	Spanish	226	306	276	1	2
173	$19,904	$42,511	$55,379	$40,320	70	FTF + FTT	11051	Northridge	Spanish	165	306	222	1	5
174	$33,608	$49,974	$70,376	$55,276	70	FTF + FTT	11051	Northridge	Spanish	77	306	113	1	10
175	$38,002	$72,630	$83,350	$69,725	70	FTF + FTT	11051	Northridge	Spanish	31	306	43	1	15
176	$23,852	$36,454	$48,321	$38,086	70	FTF + FTT	12011	Northridge	Health Science	734	865	848	1	2
177	$28,934	$46,476	$60,682	$46,997	70	FTF + FTT	12011	Northridge	Health Science	610	865	747	1	5
178	$40,959	$60,876	$80,511	$64,564	70	FTF + FTT	12011	Northridge	Health Science	263	865	355	1	10
179	$40,135	$70,415	$99,188	$70,390	70	FTF + FTT	12011	Northridge	Health Science	112	865	157	1	15
180	$24,601	$35,152	$41,914	$34,476	70	FTF + FTT	12021	Northridge	Health Care Management/Administration	185	477	210	1	2
181					70	FTF + FTT	12021	Northridge	Health Care Management/Administration		477		1	5
182					70	FTF + FTT	12021	Northridge	Health Care Management/Administration		477		1	10
183					70	FTF + FTT	12021	Northridge	Health Care Management/Administration		477		1	15
184	$67,104	$99,773	$117,791	$93,619	70	FTF + FTT	12031	Northridge	Nursing-12031	59	63	63	1	2
185	$82,742	$104,365	$120,386	$103,004	70	FTF + FTT	12031	Northridge	Nursing-12031	56	63	63	1	5
186	$82,233	$107,708	$124,265	$107,783	70	FTF + FTT	12031	Northridge	Nursing-12031	44	63	53	1	10
187	$61,798	$108,981	$135,628	$104,511	70	FTF + FTT	12031	Northridge	Nursing-12031	14	63	19	1	15
188	$11,346	$27,519	$38,350	$27,222	70	FTF + FTT	12140	Northridge	Public Health	184	222	207	1	2
189					70	FTF + FTT	12140	Northridge	Public Health		222		1	5
190					70	FTF + FTT	12140	Northridge	Public Health		222		1	10
191					70	FTF + FTT	12140	Northridge	Public Health		222		1	15
192	$11,490	$23,202	$36,060	$24,949	70	FTF + FTT	12141	Northridge	Health Education	27	283	31	1	2
193					70	FTF + FTT	12141	Northridge	Health Education		283		1	5
194					70	FTF + FTT	12141	Northridge	Health Education		283		1	10
195					70	FTF + FTT	12141	Northridge	Health Education		283		1	15
196	$29,474	$46,426	$59,955	$46,041	70	FTF + FTT	12142	Northridge	Environmental and Occupational Health	323	439	364	1	2
197	$47,334	$67,315	$77,486	$62,560	70	FTF + FTT	12142	Northridge	Environmental and Occupational Health	224	439	260	1	5
198	$62,676	$80,879	$97,193	$80,007	70	FTF + FTT	12142	Northridge	Environmental and Occupational Health	118	439	142	1	10
199	$71,865	$86,393	$104,545	$87,634	70	FTF + FTT	12142	Northridge	Environmental and Occupational Health	71	439	82	1	15
200	$15,384	$29,066	$39,618	$27,932	70	FTF + FTT	12201	Northridge	Communicative Disorders	187	350	228	1	2
201	$20,382	$38,996	$53,083	$37,633	70	FTF + FTT	12201	Northridge	Communicative Disorders	69	350	97	1	5
202	$22,996	$46,415	$71,758	$51,831	70	FTF + FTT	12201	Northridge	Communicative Disorders	35	350	57	1	10
203	$4,740	$16,341	$69,999	$40,363	70	FTF + FTT	12201	Northridge	Communicative Disorders	15	350	29	1	15
204	$20,311	$32,425	$46,014	$33,488	70	FTF + FTT	12231	Northridge	Medical Technology	120	189	150	1	2
205	$38,704	$52,233	$76,843	$56,082	70	FTF + FTT	12231	Northridge	Medical Technology	69	189	99	1	5
206	$66,891	$87,400	$112,531	$91,656	70	FTF + FTT	12231	Northridge	Medical Technology	30	189	43	1	10
207	$80,831	$108,690	$132,190	$100,513	70	FTF + FTT	12231	Northridge	Medical Technology	9	189	14	1	15
208	$55,246	$70,744	$83,305	$69,050	70	FTF + FTT	12253	Northridge	Radiologic Science & Technology	206	241	223	1	2
209	$67,621	$79,015	$97,596	$82,741	70	FTF + FTT	12253	Northridge	Radiologic Science & Technology	147	241	162	1	5
210	$73,494	$93,457	$110,211	$93,419	70	FTF + FTT	12253	Northridge	Radiologic Science & Technology	60	241	65	1	10
211	$78,130	$98,025	$104,330	$93,096	70	FTF + FTT	12253	Northridge	Radiologic Science & Technology	21	241	24	1	15
212	$18,782	$31,976	$44,307	$32,885	70	FTF + FTT	13061	Northridge	Family and Consumer Sciences	1,637	2,228	1,967	1	2
213	$25,231	$41,964	$56,383	$42,618	70	FTF + FTT	13061	Northridge	Family and Consumer Sciences	1,061	2,228	1,422	1	5
214	$26,123	$49,437	$72,270	$52,341	70	FTF + FTT	13061	Northridge	Family and Consumer Sciences	367	2,228	559	1	10
215	$24,093	$54,552	$80,012	$61,313	70	FTF + FTT	13061	Northridge	Family and Consumer Sciences	95	2,228	161	1	15
216	$13,011	$27,767	$42,762	$30,066	70	FTF + FTT	15011	Northridge	English	1,363	1,915	1,727	1	2
217	$18,597	$39,419	$57,208	$40,172	70	FTF + FTT	15011	Northridge	English	956	1,915	1,280	1	5
218	$28,830	$53,235	$72,936	$53,063	70	FTF + FTT	15011	Northridge	English	449	1,915	667	1	10
219	$22,764	$62,338	$83,095	$59,367	70	FTF + FTT	15011	Northridge	English	150	1,915	250	1	15
220	$12,632	$22,463	$39,835	$27,555	70	FTF + FTT	15051	Northridge	Linguistics	94	145	124	1	2
221	$8,175	$27,724	$48,365	$32,450	70	FTF + FTT	15051	Northridge	Linguistics	51	145	79	1	5
222	$27,328	$41,875	$60,221	$51,932	70	FTF + FTT	15051	Northridge	Linguistics	12	145	30	1	10
223	$25,504	$35,017	$51,621	$47,014	70	FTF + FTT	15051	Northridge	Linguistics	9	145	10	1	15
224	$18,475	$33,540	$46,784	$35,085	70	FTF + FTT	15061	Northridge	Speech Communication	2,211	3,014	2,600	1	2
225	$23,107	$44,390	$63,656	$47,325	70	FTF + FTT	15061	Northridge	Speech Communication	1,442	3,014	1,866	1	5
226	$27,567	$54,817	$84,945	$63,561	70	FTF + FTT	15061	Northridge	Speech Communication	638	3,014	946	1	10
227	$34,772	$61,162	$95,045	$77,802	70	FTF + FTT	15061	Northridge	Speech Communication	161	3,014	274	1	15
228	$10,392	$25,668	$40,297	$29,596	70	FTF + FTT	15091	Northridge	Philosophy	148	248	224	1	2
229	$14,217	$38,100	$54,599	$38,883	70	FTF + FTT	15091	Northridge	Philosophy	101	248	161	1	5
230	$16,463	$36,564	$70,571	$42,018	70	FTF + FTT	15091	Northridge	Philosophy	31	248	61	1	10
231	$34,250	$51,198	$84,827	$100,136	70	FTF + FTT	15091	Northridge	Philosophy	15	248	23	1	15
232	$7,312	$20,958	$35,795	$25,687	70	FTF + FTT	15101	Northridge	Religious Studies	112	170	156	1	2
233	$13,479	$34,861	$54,240	$38,494	70	FTF + FTT	15101	Northridge	Religious Studies	73	170	124	1	5
234	$16,584	$39,253	$53,591	$41,013	70	FTF + FTT	15101	Northridge	Religious Studies	31	170	59	1	10
235	$13,274	$22,011	$51,761	$30,449	70	FTF + FTT	15101	Northridge	Religious Studies	8	170	22	1	15
236	$4,543	$32,139	$41,853	$25,791	70	FTF + FTT	15102	Northridge	Jewish Studies	7	12	11	1	2
237					70	FTF + FTT	15102	Northridge	Jewish Studies	4	12	8	1	5
238					70	FTF + FTT	15102	Northridge	Jewish Studies		12		1	10
239					70	FTF + FTT	15102	Northridge	Jewish Studies		12		1	15
240	$13,549	$27,069	$42,282	$29,850	70	FTF + FTT	15991	Northridge	Humanities	83	116	110	1	2
241	$8,162	$31,372	$59,880	$36,992	70	FTF + FTT	15991	Northridge	Humanities	59	116	89	1	5
242	$21,961	$35,894	$67,619	$47,236	70	FTF + FTT	15991	Northridge	Humanities	18	116	31	1	10
243	$47,553	$72,013	$94,330	$67,358	70	FTF + FTT	15991	Northridge	Humanities	8	116	15	1	15
244	$17,028	$43,905	$56,714	$39,333	70	FTF + FTT	17011	Northridge	Mathematics	172	241	211	1	2
245	$35,937	$53,983	$66,602	$52,404	70	FTF + FTT	17011	Northridge	Mathematics	129	241	158	1	5
246	$63,295	$70,414	$76,242	$68,095	70	FTF + FTT	17011	Northridge	Mathematics	64	241	88	1	10
247	$64,935	$82,060	$91,779	$70,184	70	FTF + FTT	17011	Northridge	Mathematics	23	241	27	1	15
248	$29,206	$50,956	$56,616	$44,372	70	FTF + FTT	17021	Northridge	Statistics	30	42	38	1	2
249	$46,512	$60,211	$70,592	$58,498	70	FTF + FTT	17021	Northridge	Statistics	17	42	26	1	5
250	$74,880	$80,282	$94,021	$83,787	70	FTF + FTT	17021	Northridge	Statistics	11	42	15	1	10
251					70	FTF + FTT	17021	Northridge	Statistics	4	42	5	1	15
252	$10,952	$32,034	$43,336	$30,860	70	FTF + FTT	17031	Northridge	Applied Mathematics	45	61	53	1	2
253	$25,360	$44,040	$60,441	$45,878	70	FTF + FTT	17031	Northridge	Applied Mathematics	30	61	38	1	5
254	$69,678	$81,466	$150,452	$106,693	70	FTF + FTT	17031	Northridge	Applied Mathematics	8	61	15	1	10
255					70	FTF + FTT	17031	Northridge	Applied Mathematics	4	61	5	1	15
256	$8,638	$28,335	$42,925	$29,909	70	FTF + FTT	19021	Northridge	Physics	37	57	43	1	2
257	$14,197	$45,615	$56,478	$42,777	70	FTF + FTT	19021	Northridge	Physics	22	57	31	1	5
258	$40,805	$52,099	$73,030	$53,271	70	FTF + FTT	19021	Northridge	Physics	13	57	19	1	10
259					70	FTF + FTT	19021	Northridge	Physics	3	57	5	1	15
260	$15,675	$35,567	$53,797	$36,189	70	FTF + FTT	19051	Northridge	Chemistry	85	132	109	1	2
261	$30,532	$56,218	$70,363	$55,756	70	FTF + FTT	19051	Northridge	Chemistry	56	132	81	1	5
262	$57,627	$80,278	$105,591	$77,811	70	FTF + FTT	19051	Northridge	Chemistry	25	132	36	1	10
263	$3,659	$67,235	$122,288	$77,189	70	FTF + FTT	19051	Northridge	Chemistry	7	132	10	1	15
264	$27,223	$43,311	$52,786	$39,334	70	FTF + FTT	19141	Northridge	Geology	52	91	69	1	2
265	$43,942	$54,597	$61,358	$50,528	70	FTF + FTT	19141	Northridge	Geology	37	91	47	1	5
266	$44,619	$63,901	$75,255	$63,466	70	FTF + FTT	19141	Northridge	Geology	20	91	23	1	10
267	$58,209	$72,378	$92,734	$75,683	70	FTF + FTT	19141	Northridge	Geology	5	91	8	1	15
268					70	FTF + FTT	19171	Northridge	Earth Science	2	3	3	1	2
269					70	FTF + FTT	19171	Northridge	Earth Science	2	3	3	1	5
270					70	FTF + FTT	19171	Northridge	Earth Science	3	3	3	1	10
271					70	FTF + FTT	19171	Northridge	Earth Science	2	3	2	1	15
272	$14,464	$26,927	$40,566	$29,634	70	FTF + FTT	20011	Northridge	Psychology	4,012	5,882	4,912	1	2
273	$20,510	$37,817	$53,768	$40,033	70	FTF + FTT	20011	Northridge	Psychology	2,505	5,882	3,358	1	5
274	$26,762	$49,570	$71,973	$52,877	70	FTF + FTT	20011	Northridge	Psychology	1,117	5,882	1,670	1	10
275	$28,307	$60,536	$84,237	$62,736	70	FTF + FTT	20011	Northridge	Psychology	390	5,882	621	1	15
276	$15,886	$26,896	$40,858	$29,890	70	FTF + FTT	21025	Northridge	Recreation Management & Administration-21025	99	202	113	1	2
277					70	FTF + FTT	21025	Northridge	Recreation Management & Administration-21025		202		1	5
278					70	FTF + FTT	21025	Northridge	Recreation Management & Administration-21025		202		1	10
279					70	FTF + FTT	21025	Northridge	Recreation Management & Administration-21025		202		1	15
280	$16,629	$31,438	$47,538	$33,397	70	FTF + FTT	21031	Northridge	Recreation Management & Administration-21031	268	317	316	1	2
281	$23,651	$42,048	$63,514	$45,589	70	FTF + FTT	21031	Northridge	Recreation Management & Administration-21031	202	317	262	1	5
282	$32,781	$59,368	$77,265	$59,060	70	FTF + FTT	21031	Northridge	Recreation Management & Administration-21031	78	317	108	1	10
283	$26,048	$69,249	$80,254	$62,656	70	FTF + FTT	21031	Northridge	Recreation Management & Administration-21031	24	317	36	1	15
284	$21,614	$32,367	$42,284	$32,384	70	FTF + FTT	21041	Northridge	Social Work	347	530	408	1	2
285	$30,593	$43,560	$55,292	$42,960	70	FTF + FTT	21041	Northridge	Social Work	202	530	267	1	5
286	$39,581	$51,560	$68,925	$54,234	70	FTF + FTT	21041	Northridge	Social Work	114	530	148	1	10
287	$46,361	$60,058	$84,637	$62,778	70	FTF + FTT	21041	Northridge	Social Work	46	530	69	1	15
288	$15,007	$27,129	$40,136	$29,031	70	FTF + FTT	21044	Northridge	Deaf Studies	716	1,030	852	1	2
289	$18,994	$35,585	$51,976	$36,800	70	FTF + FTT	21044	Northridge	Deaf Studies	431	1,030	573	1	5
290	$20,504	$45,415	$66,096	$44,704	70	FTF + FTT	21044	Northridge	Deaf Studies	164	1,030	282	1	10
291	$15,850	$42,892	$75,134	$47,268	70	FTF + FTT	21044	Northridge	Deaf Studies	66	1,030	109	1	15
292	$12,191	$25,402	$37,940	$26,865	70	FTF + FTT	22021	Northridge	Anthropology	294	444	391	1	2
293	$16,945	$33,071	$52,354	$36,095	70	FTF + FTT	22021	Northridge	Anthropology	171	444	254	1	5
294	$22,737	$48,751	$67,565	$47,436	70	FTF + FTT	22021	Northridge	Anthropology	70	444	115	1	10
295	$27,632	$59,869	$77,325	$59,483	70	FTF + FTT	22021	Northridge	Anthropology	20	444	39	1	15
296	$23,219	$42,060	$55,969	$44,095	70	FTF + FTT	22041	Northridge	Economics	435	661	563	1	2
297	$34,902	$53,580	$71,335	$58,947	70	FTF + FTT	22041	Northridge	Economics	281	661	403	1	5
298	$43,015	$70,875	$107,021	$86,711	70	FTF + FTT	22041	Northridge	Economics	119	661	184	1	10
299	$47,819	$91,597	$122,905	$101,797	70	FTF + FTT	22041	Northridge	Economics	33	661	59	1	15
300	$14,066	$26,541	$43,383	$30,576	70	FTF + FTT	22051	Northridge	History	1,038	1,423	1,306	1	2
301	$21,817	$42,019	$59,293	$43,635	70	FTF + FTT	22051	Northridge	History	780	1,423	1,041	1	5
302	$32,355	$60,511	$77,707	$58,902	70	FTF + FTT	22051	Northridge	History	408	1,423	579	1	10
303	$37,025	$75,134	$91,157	$76,001	70	FTF + FTT	22051	Northridge	History	151	1,423	217	1	15
304	$11,325	$32,454	$51,088	$34,217	70	FTF + FTT	22061	Northridge	Geography	262	386	344	1	2
305	$27,145	$50,945	$72,419	$51,090	70	FTF + FTT	22061	Northridge	Geography	176	386	255	1	5
306	$46,431	$70,910	$87,478	$67,287	70	FTF + FTT	22061	Northridge	Geography	86	386	133	1	10
307	$45,882	$83,977	$101,007	$77,054	70	FTF + FTT	22061	Northridge	Geography	32	386	54	1	15
308	$14,452	$29,337	$43,173	$32,083	70	FTF + FTT	22071	Northridge	Political Science	1,016	1,576	1,331	1	2
309	$23,769	$40,620	$60,353	$45,606	70	FTF + FTT	22071	Northridge	Political Science	714	1,576	974	1	5
310	$31,883	$55,593	$84,709	$67,643	70	FTF + FTT	22071	Northridge	Political Science	300	1,576	459	1	10
311	$33,740	$77,515	$113,293	$83,071	70	FTF + FTT	22071	Northridge	Political Science	91	1,576	156	1	15
312	$19,793	$33,731	$46,016	$35,070	70	FTF + FTT	22081	Northridge	Sociology	3,413	4,511	3,924	1	2
313	$28,799	$44,322	$61,239	$47,274	70	FTF + FTT	22081	Northridge	Sociology	2,303	4,511	2,810	1	5
314	$38,570	$61,828	$82,568	$65,074	70	FTF + FTT	22081	Northridge	Sociology	1,005	4,511	1,346	1	10
315	$47,467	$71,702	$93,844	$75,072	70	FTF + FTT	22081	Northridge	Sociology	340	4,511	488	1	15
316	$13,953	$26,951	$41,411	$29,139	70	FTF + FTT	22111	Northridge	African-American Studies	121	170	149	1	2
317	$17,231	$29,555	$49,852	$34,527	70	FTF + FTT	22111	Northridge	African-American Studies	84	170	109	1	5
318	$13,997	$42,990	$71,289	$47,139	70	FTF + FTT	22111	Northridge	African-American Studies	34	170	46	1	10
319	$29,961	$66,684	$85,617	$56,086	70	FTF + FTT	22111	Northridge	African-American Studies	11	170	17	1	15
320	$19,286	$31,438	$43,555	$33,365	70	FTF + FTT	22131	Northridge	Mexican-American Studies	166	215	195	1	2
321	$26,605	$41,465	$55,096	$41,712	70	FTF + FTT	22131	Northridge	Mexican-American Studies	126	215	151	1	5
322	$37,111	$48,839	$71,990	$53,772	70	FTF + FTT	22131	Northridge	Mexican-American Studies	56	215	75	1	10
323	$51,577	$60,774	$80,402	$68,324	70	FTF + FTT	22131	Northridge	Mexican-American Studies	13	215	20	1	15
324	$17,364	$35,303	$50,674	$36,176	70	FTF + FTT	22141	Northridge	Urban Studies	241	339	299	1	2
325	$24,207	$47,271	$69,238	$50,368	70	FTF + FTT	22141	Northridge	Urban Studies	165	339	217	1	5
326	$46,670	$76,872	$88,614	$72,390	70	FTF + FTT	22141	Northridge	Urban Studies	55	339	79	1	10
327	$61,880	$96,380	$112,983	$85,822	70	FTF + FTT	22141	Northridge	Urban Studies	13	339	19	1	15
328	$11,535	$28,844	$41,118	$30,675	70	FTF + FTT	49991	Northridge	Women's Studies	69	120	92	1	2
329	$17,933	$42,479	$57,390	$41,729	70	FTF + FTT	49991	Northridge	Women's Studies	44	120	58	1	5
330	$16,941	$31,768	$52,127	$38,436	70	FTF + FTT	49991	Northridge	Women's Studies	14	120	21	1	10
331					70	FTF + FTT	49991	Northridge	Women's Studies		120		1	15
332	$12,352	$24,539	$33,906	$22,936	70	FTF + FTT	22996	Northridge	Asian/Asian-American Studies	56	79	72	1	2
333	$27,110	$35,442	$42,375	$36,052	70	FTF + FTT	22996	Northridge	Asian/Asian-American Studies	41	79	47	1	5
334	$33,997	$58,544	$70,568	$53,703	70	FTF + FTT	22996	Northridge	Asian/Asian-American Studies	15	79	18	1	10
335					70	FTF + FTT	22996	Northridge	Asian/Asian-American Studies	3	79	3	1	15
336	$16,464	$30,503	$48,093	$32,498	70	FTF + FTT	49012	Northridge	Liberal Studies	4,515	5,662	5,227	1	2
337	$24,682	$42,967	$57,383	$41,834	70	FTF + FTT	49012	Northridge	Liberal Studies	3,403	5,662	4,192	1	5
338	$34,086	$58,859	$72,462	$54,949	70	FTF + FTT	49012	Northridge	Liberal Studies	1,734	5,662	2,331	1	10
339	$43,967	$73,521	$82,024	$64,388	70	FTF + FTT	49012	Northridge	Liberal Studies	570	5,662	786	1	15
340	$11,531	$19,629	$44,638	$27,897	70	FTF + FTT	49993	Northridge	Education	35	47	44	1	2
341	$15,843	$38,790	$64,957	$44,827	70	FTF + FTT	49993	Northridge	Education	30	47	42	1	5
342	$21,306	$56,598	$84,660	$53,734	70	FTF + FTT	49993	Northridge	Education	23	47	35	1	10
343	$5,776	$19,445	$67,179	$37,325	70	FTF + FTT	49993	Northridge	Education	11	47	17	1	15
344	$11,814	$40,082	$80,294	$49,537	70	FTF + FTT	12032	Northridge	Nursing-12032	44	52	52	2	2
345	$25,947	$59,702	$101,564	$65,338	70	FTF + FTT	12032	Northridge	Nursing-12032	32	52	37	2	5
346					70	FTF + FTT	12032	Northridge	Nursing-12032		52		2	10
347					70	FTF + FTT	12032	Northridge	Nursing-12032		52		2	15
348	$26,436	$31,011	$34,796	$35,546	70	FTF + FTT	3085	Northridge	Latin/Central American Studies	6	10	7	2	2
349					70	FTF + FTT	3085	Northridge	Latin/Central American Studies	4	10	5	2	5
350					70	FTF + FTT	3085	Northridge	Latin/Central American Studies		10		2	10
351					70	FTF + FTT	3085	Northridge	Latin/Central American Studies		10		2	15
352	$7,984	$16,359	$29,063	$21,155	70	FTF + FTT	4011	Northridge	Biology	1,060	1,491	1,416	2	2
353	$14,277	$27,901	$42,005	$32,393	70	FTF + FTT	4011	Northridge	Biology	798	1,491	1,116	2	5
354	$21,400	$41,023	$58,688	$47,203	70	FTF + FTT	4011	Northridge	Biology	430	1,491	623	2	10
355	$22,428	$45,203	$70,612	$54,023	70	FTF + FTT	4011	Northridge	Biology	223	1,491	347	2	15
356	$5,489	$11,356	$22,551	$14,886	70	FTF + FTT	4111	Northridge	Microbiology	38	65	56	2	2
357	$6,748	$20,438	$40,623	$27,879	70	FTF + FTT	4111	Northridge	Microbiology	24	65	35	2	5
358	$17,436	$43,293	$101,842	$61,717	70	FTF + FTT	4111	Northridge	Microbiology	8	65	15	2	10
359					70	FTF + FTT	4111	Northridge	Microbiology	3	65	5	2	15
360	$8,372	$15,671	$29,339	$20,627	70	FTF + FTT	4141	Northridge	Biochemistry	164	248	235	2	2
361	$9,399	$24,640	$43,095	$28,324	70	FTF + FTT	4141	Northridge	Biochemistry	123	248	161	2	5
362	$22,439	$38,007	$58,893	$45,019	70	FTF + FTT	4141	Northridge	Biochemistry	43	248	54	2	10
363	$27,456	$45,578	$71,654	$54,925	70	FTF + FTT	4141	Northridge	Biochemistry	18	248	24	2	15
364	$10,738	$12,103	$12,160	$13,062	70	FTF + FTT	4152	Northridge	Biomedical Physics	5	6	6	2	2
365	$8,508	$23,536	$32,349	$21,650	70	FTF + FTT	4152	Northridge	Biomedical Physics	5	6	6	2	5
366					70	FTF + FTT	4152	Northridge	Biomedical Physics	2	6	4	2	10
367					70	FTF + FTT	4152	Northridge	Biomedical Physics		6		2	15
368	$7,423	$15,539	$29,587	$20,559	70	FTF + FTT	4171	Northridge	Cell and Molecular Biology	119	184	163	2	2
369	$11,203	$25,088	$42,658	$30,849	70	FTF + FTT	4171	Northridge	Cell and Molecular Biology	63	184	92	2	5
370	$20,993	$39,382	$57,597	$46,447	70	FTF + FTT	4171	Northridge	Cell and Molecular Biology	12	184	22	2	10
371	$8,181	$23,461	$68,066	$46,139	70	FTF + FTT	4171	Northridge	Cell and Molecular Biology	8	184	13	2	15
372	$8,226	$16,534	$26,178	$20,047	70	FTF + FTT	4201	Northridge	Environmental Biology & Ecology	42	66	62	2	2
373	$19,518	$26,763	$43,315	$34,270	70	FTF + FTT	4201	Northridge	Environmental Biology & Ecology	22	66	40	2	5
374	$4,786	$44,392	$71,258	$63,855	70	FTF + FTT	4201	Northridge	Environmental Biology & Ecology	7	66	17	2	10
375	$41,711	$53,362	$55,913	$56,119	70	FTF + FTT	4201	Northridge	Environmental Biology & Ecology	6	66	12	2	15
376	$9,670	$23,193	$41,322	$28,889	70	FTF + FTT	5011	Northridge	Business Administration	1,711	2,217	2,193	2	2
377	$16,661	$33,384	$52,734	$39,053	70	FTF + FTT	5011	Northridge	Business Administration	1,558	2,217	2,104	2	5
378	$25,176	$44,724	$66,532	$54,834	70	FTF + FTT	5011	Northridge	Business Administration	991	2,217	1,521	2	10
379	$29,901	$51,578	$80,950	$59,819	70	FTF + FTT	5011	Northridge	Business Administration	533	2,217	860	2	15
380	$20,701	$42,136	$57,292	$38,639	70	FTF + FTT	5012	Northridge	Business Education	10	12	12	2	2
381	$32,222	$55,413	$74,174	$54,200	70	FTF + FTT	5012	Northridge	Business Education	8	12	12	2	5
382	$45,065	$56,417	$82,073	$57,415	70	FTF + FTT	5012	Northridge	Business Education	6	12	11	2	10
383					70	FTF + FTT	5012	Northridge	Business Education	4	12	9	2	15
384	$13,926	$26,733	$42,139	$31,714	70	FTF + FTT	5021	Northridge	Accounting	888	1,224	1,173	2	2
385	$21,192	$37,936	$55,916	$42,855	70	FTF + FTT	5021	Northridge	Accounting	697	1,224	971	2	5
386	$21,468	$44,987	$68,879	$50,589	70	FTF + FTT	5021	Northridge	Accounting	422	1,224	634	2	10
387	$26,959	$50,945	$79,922	$65,226	70	FTF + FTT	5021	Northridge	Accounting	211	1,224	368	2	15
388	$13,547	$31,485	$52,707	$37,823	70	FTF + FTT	5041	Northridge	Finance	488	692	651	2	2
389	$18,660	$42,144	$62,958	$48,692	70	FTF + FTT	5041	Northridge	Finance	368	692	548	2	5
390	$26,502	$52,948	$85,898	$60,703	70	FTF + FTT	5041	Northridge	Finance	183	692	324	2	10
391	$20,904	$52,034	$90,552	$64,639	70	FTF + FTT	5041	Northridge	Finance	95	692	166	2	15
392	$9,627	$21,868	$40,045	$28,617	70	FTF + FTT	5061	Northridge	Management-5061	1,165	1,689	1,567	2	2
393	$17,000	$33,082	$52,270	$38,465	70	FTF + FTT	5061	Northridge	Management-5061	837	1,689	1,148	2	5
394	$27,672	$50,252	$83,875	$60,385	70	FTF + FTT	5061	Northridge	Management-5061	283	1,689	440	2	10
395	$33,697	$57,526	$89,453	$68,107	70	FTF + FTT	5061	Northridge	Management-5061	89	1,689	149	2	15
396					70	FTF + FTT	5062	Northridge	Management-5062	4	4	4	2	2
397					70	FTF + FTT	5062	Northridge	Management-5062	2	4	3	2	5
398					70	FTF + FTT	5062	Northridge	Management-5062	3	4	3	2	10
399					70	FTF + FTT	5062	Northridge	Management-5062	2	4	2	2	15
400	$10,037	$26,532	$31,128	$28,198	70	FTF + FTT	5064	Northridge	Production and Operations Management	5	5	5	2	2
401					70	FTF + FTT	5064	Northridge	Production and Operations Management	3	5	5	2	5
402					70	FTF + FTT	5064	Northridge	Production and Operations Management	3	5	5	2	10
403					70	FTF + FTT	5064	Northridge	Production and Operations Management	1	5	5	2	15
404	$14,936	$31,610	$57,004	$40,146	70	FTF + FTT	5072	Northridge	Management Systems Analysis / Operations Research	56	75	68	2	2
405	$17,298	$37,266	$81,863	$57,021	70	FTF + FTT	5072	Northridge	Management Systems Analysis / Operations Research	40	75	56	2	5
406	$36,413	$64,528	$95,663	$82,557	70	FTF + FTT	5072	Northridge	Management Systems Analysis / Operations Research	21	75	29	2	10
407	$47,915	$55,044	$93,066	$75,486	70	FTF + FTT	5072	Northridge	Management Systems Analysis / Operations Research	12	75	17	2	15
408	$10,872	$24,585	$41,731	$29,725	70	FTF + FTT	5091	Northridge	Marketing	849	1,210	1,137	2	2
409	$16,757	$33,728	$53,647	$44,237	70	FTF + FTT	5091	Northridge	Marketing	656	1,210	908	2	5
410	$23,655	$45,805	$72,172	$80,257	70	FTF + FTT	5091	Northridge	Marketing	292	1,210	456	2	10
411	$36,792	$56,501	$81,251	$107,598	70	FTF + FTT	5091	Northridge	Marketing	101	1,210	190	2	15
412	$8,620	$20,415	$37,184	$27,150	70	FTF + FTT	5111	Northridge	Real Estate	157	255	246	2	2
413	$13,745	$26,730	$47,861	$33,929	70	FTF + FTT	5111	Northridge	Real Estate	131	255	219	2	5
414	$17,231	$38,713	$53,753	$43,257	70	FTF + FTT	5111	Northridge	Real Estate	49	255	88	2	10
415	$22,881	$42,504	$125,385	$72,590	70	FTF + FTT	5111	Northridge	Real Estate	9	255	21	2	15
416	$11,612	$25,740	$40,818	$29,095	70	FTF + FTT	5131	Northridge	International Business	151	214	212	2	2
417	$16,307	$32,462	$53,913	$37,094	70	FTF + FTT	5131	Northridge	International Business	132	214	212	2	5
418	$20,146	$39,324	$61,531	$49,606	70	FTF + FTT	5131	Northridge	International Business	100	214	193	2	10
419	$15,393	$34,120	$62,284	$51,226	70	FTF + FTT	5131	Northridge	International Business	53	214	112	2	15
420	$22,061	$38,648	$52,590	$38,351	70	FTF + FTT	5151	Northridge	Human Resources/Personnel Management	49	61	61	2	2
421	$29,200	$44,339	$60,239	$45,191	70	FTF + FTT	5151	Northridge	Human Resources/Personnel Management	48	61	61	2	5
422	$27,332	$40,564	$74,463	$49,912	70	FTF + FTT	5151	Northridge	Human Resources/Personnel Management	26	61	37	2	10
423	$38,646	$61,259	$84,027	$61,710	70	FTF + FTT	5151	Northridge	Human Resources/Personnel Management	14	61	23	2	15
424	$16,530	$27,732	$43,360	$32,394	70	FTF + FTT	5995	Northridge	Business Law	34	51	51	2	2
425	$9,144	$33,560	$46,806	$32,687	70	FTF + FTT	5995	Northridge	Business Law	31	51	51	2	5
426	$34,336	$56,938	$79,866	$71,762	70	FTF + FTT	5995	Northridge	Business Law	28	51	51	2	10
427	$27,753	$39,804	$80,534	$54,618	70	FTF + FTT	5995	Northridge	Business Law	17	51	34	2	15
428	$7,946	$17,092	$30,945	$22,063	70	FTF + FTT	6022	Northridge	Journalism	593	775	733	2	2
429	$10,916	$26,583	$44,105	$31,554	70	FTF + FTT	6022	Northridge	Journalism	426	775	569	2	5
430	$19,854	$41,638	$66,021	$47,697	70	FTF + FTT	6022	Northridge	Journalism	185	775	285	2	10
431	$19,166	$44,310	$77,743	$58,994	70	FTF + FTT	6022	Northridge	Journalism	78	775	125	2	15
432	$7,305	$16,052	$31,124	$21,742	70	FTF + FTT	6031	Northridge	Radio/Television/Broadcast	1,205	1,591	1,505	2	2
433	$12,126	$26,013	$44,380	$31,385	70	FTF + FTT	6031	Northridge	Radio/Television/Broadcast	874	1,591	1,186	2	5
434	$19,021	$38,925	$61,830	$46,317	70	FTF + FTT	6031	Northridge	Radio/Television/Broadcast	396	1,591	606	2	10
435	$21,103	$45,143	$71,063	$54,652	70	FTF + FTT	6031	Northridge	Radio/Television/Broadcast	164	1,591	280	2	15
436	$11,336	$23,731	$47,016	$33,866	70	FTF + FTT	7012	Northridge	Computer Science and Information Technology	726	1,078	1,010	2	2
437	$18,415	$36,228	$59,193	$45,329	70	FTF + FTT	7012	Northridge	Computer Science and Information Technology	588	1,078	814	2	5
438	$29,331	$49,112	$75,965	$58,467	70	FTF + FTT	7012	Northridge	Computer Science and Information Technology	401	1,078	609	2	10
439	$26,041	$56,470	$92,615	$69,976	70	FTF + FTT	7012	Northridge	Computer Science and Information Technology	228	1,078	371	2	15
440	$13,444	$29,319	$49,720	$36,207	70	FTF + FTT	7021	Northridge	Information Systems	299	400	387	2	2
441	$22,287	$43,610	$63,962	$48,021	70	FTF + FTT	7021	Northridge	Information Systems	264	400	362	2	5
442	$32,549	$58,384	$83,336	$65,662	70	FTF + FTT	7021	Northridge	Information Systems	156	400	248	2	10
443	$35,722	$66,093	$100,220	$85,858	70	FTF + FTT	7021	Northridge	Information Systems	73	400	123	2	15
444	$8,395	$17,910	$29,281	$21,677	70	FTF + FTT	8231	Northridge	Child Development	670	915	856	2	2
445	$12,930	$26,199	$38,499	$28,627	70	FTF + FTT	8231	Northridge	Child Development	491	915	683	2	5
446	$16,720	$32,410	$49,808	$37,762	70	FTF + FTT	8231	Northridge	Child Development	253	915	421	2	10
447	$19,587	$38,458	$66,593	$48,495	70	FTF + FTT	8231	Northridge	Child Development	119	915	211	2	15
448	$7,890	$17,487	$30,375	$21,528	70	FTF + FTT	8351	Northridge	Kinesiology	929	1,325	1,194	2	2
449	$13,648	$26,807	$41,735	$30,959	70	FTF + FTT	8351	Northridge	Kinesiology	637	1,325	845	2	5
450	$19,281	$40,804	$65,198	$47,263	70	FTF + FTT	8351	Northridge	Kinesiology	279	1,325	421	2	10
451	$24,275	$44,120	$77,807	$57,944	70	FTF + FTT	8351	Northridge	Kinesiology	109	1,325	173	2	15
452	$7,275	$13,934	$21,744	$14,819	70	FTF + FTT	8375	Northridge	Athletic Training	148	195	176	2	2
453	$9,815	$21,760	$33,034	$22,181	70	FTF + FTT	8375	Northridge	Athletic Training	69	195	84	2	5
454					70	FTF + FTT	8375	Northridge	Athletic Training		195		2	10
455					70	FTF + FTT	8375	Northridge	Athletic Training		195		2	15
456	$10,291	$23,161	$39,080	$29,779	70	FTF + FTT	9011	Northridge	Engineering	195	252	251	2	2
457	$18,320	$33,663	$57,256	$42,041	70	FTF + FTT	9011	Northridge	Engineering	169	252	239	2	5
458	$29,079	$55,172	$81,871	$56,559	70	FTF + FTT	9011	Northridge	Engineering	134	252	200	2	10
459	$31,972	$52,749	$79,049	$58,517	70	FTF + FTT	9011	Northridge	Engineering	96	252	145	2	15
460	$10,125	$18,853	$32,404	$23,775	70	FTF + FTT	9081	Northridge	Civil Engineering	248	367	335	2	2
461	$13,263	$28,538	$45,322	$34,175	70	FTF + FTT	9081	Northridge	Civil Engineering	158	367	220	2	5
462	$24,640	$48,057	$73,755	$55,811	70	FTF + FTT	9081	Northridge	Civil Engineering	64	367	90	2	10
463	$17,912	$55,605	$78,397	$60,523	70	FTF + FTT	9081	Northridge	Civil Engineering	22	367	35	2	15
464	$9,639	$20,593	$40,464	$29,183	70	FTF + FTT	9091	Northridge	Electrical Engineering	313	441	403	2	2
465	$20,441	$34,259	$58,718	$42,093	70	FTF + FTT	9091	Northridge	Electrical Engineering	215	441	305	2	5
466	$30,256	$44,548	$70,509	$55,829	70	FTF + FTT	9091	Northridge	Electrical Engineering	105	441	156	2	10
467	$31,683	$50,920	$88,524	$64,547	70	FTF + FTT	9091	Northridge	Electrical Engineering	42	441	76	2	15
468	$9,130	$16,038	$28,343	$23,000	70	FTF + FTT	9094	Northridge	Computer Engineering	256	379	347	2	2
469	$14,129	$27,759	$48,297	$33,244	70	FTF + FTT	9094	Northridge	Computer Engineering	181	379	246	2	5
470	$26,165	$43,512	$59,864	$49,493	70	FTF + FTT	9094	Northridge	Computer Engineering	60	379	90	2	10
471	$47,747	$61,813	$77,550	$61,142	70	FTF + FTT	9094	Northridge	Computer Engineering	5	379	10	2	15
472	$8,574	$16,614	$31,061	$23,115	70	FTF + FTT	9101	Northridge	Mechanical Engineering	395	591	516	2	2
473	$14,256	$27,917	$48,660	$35,273	70	FTF + FTT	9101	Northridge	Mechanical Engineering	236	591	310	2	5
474	$28,397	$45,419	$80,064	$51,820	70	FTF + FTT	9101	Northridge	Mechanical Engineering	61	591	91	2	10
475	$23,304	$48,987	$88,666	$63,050	70	FTF + FTT	9101	Northridge	Mechanical Engineering	28	591	38	2	15
476	$5,393	$15,096	$27,497	$20,355	70	FTF + FTT	9134	Northridge	Manufacturing Engineering	19	33	30	2	2
477	$20,182	$36,218	$63,889	$42,559	70	FTF + FTT	9134	Northridge	Manufacturing Engineering	14	33	22	2	5
478	$38,460	$45,405	$96,063	$61,035	70	FTF + FTT	9134	Northridge	Manufacturing Engineering	7	33	9	2	10
479					70	FTF + FTT	9134	Northridge	Manufacturing Engineering	1	33	2	2	15
480	$12,271	$25,506	$47,469	$31,725	70	FTF + FTT	9254	Northridge	Construction Engineering Technology	71	110	100	2	2
481	$16,127	$30,763	$67,601	$49,192	70	FTF + FTT	9254	Northridge	Construction Engineering Technology	43	110	66	2	5
482					70	FTF + FTT	9254	Northridge	Construction Engineering Technology	3	110	4	2	10
483					70	FTF + FTT	9254	Northridge	Construction Engineering Technology		110		2	15
484	$7,064	$16,260	$30,238	$22,502	70	FTF + FTT	10021	Northridge	Art	514	741	696	2	2
485	$11,521	$24,129	$43,122	$31,774	70	FTF + FTT	10021	Northridge	Art	359	741	530	2	5
486	$15,889	$32,023	$53,607	$40,306	70	FTF + FTT	10021	Northridge	Art	191	741	330	2	10
487	$13,592	$37,573	$65,028	$45,996	70	FTF + FTT	10021	Northridge	Art	78	741	147	2	15
488	$20,219	$32,798	$42,879	$34,399	70	FTF + FTT	10031	Northridge	Art History	41	58	58	2	2
489	$13,816	$32,370	$52,929	$39,638	70	FTF + FTT	10031	Northridge	Art History	38	58	58	2	5
490	$29,721	$38,841	$89,280	$51,030	70	FTF + FTT	10031	Northridge	Art History	15	58	26	2	10
491	$7,144	$40,861	$75,323	$48,425	70	FTF + FTT	10031	Northridge	Art History	11	58	14	2	15
492	$5,620	$14,422	$26,911	$17,503	70	FTF + FTT	10041	Northridge	Music - Performance	247	383	359	2	2
493	$4,561	$18,815	$33,293	$22,287	70	FTF + FTT	10041	Northridge	Music - Performance	206	383	306	2	5
494	$9,691	$22,992	$47,313	$30,590	70	FTF + FTT	10041	Northridge	Music - Performance	100	383	168	2	10
495	$2,124	$20,448	$42,143	$25,634	70	FTF + FTT	10041	Northridge	Music - Performance	40	383	82	2	15
496	$4,466	$12,311	$23,143	$16,251	70	FTF + FTT	10051	Northridge	Music	305	433	422	2	2
497	$11,194	$22,962	$38,099	$25,544	70	FTF + FTT	10051	Northridge	Music	252	433	365	2	5
498	$10,960	$33,083	$50,979	$36,548	70	FTF + FTT	10051	Northridge	Music	142	433	214	2	10
499	$13,340	$34,683	$56,689	$42,428	70	FTF + FTT	10051	Northridge	Music	60	433	110	2	15
500	$5,065	$13,291	$22,121	$16,382	70	FTF + FTT	10071	Northridge	Theatre Arts	312	409	397	2	2
501	$9,768	$19,027	$33,759	$25,679	70	FTF + FTT	10071	Northridge	Theatre Arts	244	409	336	2	5
502	$11,793	$26,978	$46,441	$45,068	70	FTF + FTT	10071	Northridge	Theatre Arts	125	409	191	2	10
503	$8,303	$26,706	$70,965	$54,850	70	FTF + FTT	10071	Northridge	Theatre Arts	40	409	82	2	15
504	$7,705	$17,390	$31,972	$21,961	70	FTF + FTT	10091	Northridge	Graphic Design	261	346	345	2	2
505	$14,561	$27,206	$44,095	$32,093	70	FTF + FTT	10091	Northridge	Graphic Design	255	346	332	2	5
506	$18,690	$34,732	$61,599	$42,762	70	FTF + FTT	10091	Northridge	Graphic Design	128	346	185	2	10
507	$14,512	$38,541	$65,042	$48,668	70	FTF + FTT	10091	Northridge	Graphic Design	51	346	90	2	15
508	$16,488	$30,718	$39,863	$30,351	70	FTF + FTT	10101	Northridge	Cinema/Film	34	43	42	2	2
509	$13,622	$27,356	$56,301	$35,805	70	FTF + FTT	10101	Northridge	Cinema/Film	32	43	42	2	5
510	$12,015	$34,099	$64,397	$42,616	70	FTF + FTT	10101	Northridge	Cinema/Film	33	43	40	2	10
511	$11,799	$41,086	$52,625	$40,503	70	FTF + FTT	10101	Northridge	Cinema/Film	16	43	22	2	15
512	$8,606	$20,019	$28,167	$21,699	70	FTF + FTT	11031	Northridge	World Languages and Cultures/Translation	29	46	41	2	2
513	$8,959	$23,716	$45,763	$28,345	70	FTF + FTT	11031	Northridge	World Languages and Cultures/Translation	17	46	30	2	5
514	$30,570	$33,388	$46,889	$37,248	70	FTF + FTT	11031	Northridge	World Languages and Cultures/Translation	9	46	16	2	10
515	$26,393	$47,820	$75,144	$46,216	70	FTF + FTT	11031	Northridge	World Languages and Cultures/Translation	7	46	12	2	15
516	$11,956	$21,850	$32,842	$24,934	70	FTF + FTT	11051	Northridge	Spanish	78	99	96	2	2
517	$14,658	$27,720	$42,635	$32,928	70	FTF + FTT	11051	Northridge	Spanish	62	99	87	2	5
518	$17,848	$31,826	$53,501	$40,250	70	FTF + FTT	11051	Northridge	Spanish	36	99	58	2	10
519	$24,662	$36,696	$55,394	$50,830	70	FTF + FTT	11051	Northridge	Spanish	15	99	34	2	15
520	$7,197	$17,311	$32,451	$22,414	70	FTF + FTT	12011	Northridge	Health Science	808	1,031	1,027	2	2
521	$16,313	$29,240	$45,374	$33,544	70	FTF + FTT	12011	Northridge	Health Science	727	1,031	976	2	5
522	$21,143	$41,087	$64,753	$46,617	70	FTF + FTT	12011	Northridge	Health Science	443	1,031	620	2	10
523	$30,707	$51,130	$78,009	$55,980	70	FTF + FTT	12011	Northridge	Health Science	246	1,031	390	2	15
524	$7,677	$17,148	$35,857	$24,118	70	FTF + FTT	12021	Northridge	Health Care Management/Administration	44	94	62	2	2
525					70	FTF + FTT	12021	Northridge	Health Care Management/Administration		94		2	5
526					70	FTF + FTT	12021	Northridge	Health Care Management/Administration		94		2	10
527					70	FTF + FTT	12021	Northridge	Health Care Management/Administration		94		2	15
528	$23,950	$60,546	$86,021	$58,346	70	FTF + FTT	12031	Northridge	Nursing-12031	61	69	69	2	2
529	$34,107	$74,680	$95,343	$68,255	70	FTF + FTT	12031	Northridge	Nursing-12031	57	69	69	2	5
530	$50,174	$82,580	$118,066	$83,988	70	FTF + FTT	12031	Northridge	Nursing-12031	52	69	68	2	10
531	$50,869	$77,439	$103,532	$78,325	70	FTF + FTT	12031	Northridge	Nursing-12031	24	69	40	2	15
532	$6,507	$12,262	$17,863	$12,960	70	FTF + FTT	12140	Northridge	Public Health	116	150	148	2	2
533					70	FTF + FTT	12140	Northridge	Public Health		150		2	5
534					70	FTF + FTT	12140	Northridge	Public Health		150		2	10
535					70	FTF + FTT	12140	Northridge	Public Health		150		2	15
536	$5,380	$11,510	$24,907	$14,111	70	FTF + FTT	12141	Northridge	Health Education	16	74	19	2	2
537					70	FTF + FTT	12141	Northridge	Health Education		74		2	5
538					70	FTF + FTT	12141	Northridge	Health Education		74		2	10
539					70	FTF + FTT	12141	Northridge	Health Education		74		2	15
540	$12,011	$26,656	$42,905	$30,709	70	FTF + FTT	12142	Northridge	Environmental and Occupational Health	123	177	160	2	2
541	$13,577	$35,175	$54,947	$39,470	70	FTF + FTT	12142	Northridge	Environmental and Occupational Health	85	177	114	2	5
542	$41,719	$66,706	$92,093	$70,513	70	FTF + FTT	12142	Northridge	Environmental and Occupational Health	37	177	61	2	10
543	$24,118	$51,205	$92,687	$59,893	70	FTF + FTT	12142	Northridge	Environmental and Occupational Health	21	177	36	2	15
544	$9,158	$19,822	$32,246	$25,135	70	FTF + FTT	12201	Northridge	Communicative Disorders	114	172	151	2	2
545	$18,325	$30,084	$39,623	$32,151	70	FTF + FTT	12201	Northridge	Communicative Disorders	60	172	89	2	5
546	$21,471	$39,949	$50,550	$43,291	70	FTF + FTT	12201	Northridge	Communicative Disorders	22	172	41	2	10
547	$32,843	$44,754	$79,336	$59,083	70	FTF + FTT	12201	Northridge	Communicative Disorders	10	172	21	2	15
548	$6,667	$17,008	$26,831	$18,741	70	FTF + FTT	12231	Northridge	Medical Technology	103	153	141	2	2
549	$19,219	$29,646	$43,757	$35,035	70	FTF + FTT	12231	Northridge	Medical Technology	63	153	84	2	5
550	$35,100	$42,746	$83,737	$52,588	70	FTF + FTT	12231	Northridge	Medical Technology	27	153	38	2	10
551	$12,299	$58,591	$69,018	$50,285	70	FTF + FTT	12231	Northridge	Medical Technology	13	153	18	2	15
552	$6,245	$16,470	$26,428	$19,606	70	FTF + FTT	12253	Northridge	Radiologic Science & Technology	152	216	197	2	2
553	$19,136	$31,193	$48,141	$38,448	70	FTF + FTT	12253	Northridge	Radiologic Science & Technology	95	216	121	2	5
554	$35,867	$56,590	$81,219	$62,597	70	FTF + FTT	12253	Northridge	Radiologic Science & Technology	40	216	48	2	10
555	$42,934	$76,684	$93,336	$71,636	70	FTF + FTT	12253	Northridge	Radiologic Science & Technology	23	216	29	2	15
556	$9,528	$18,991	$34,380	$24,493	70	FTF + FTT	13061	Northridge	Family and Consumer Sciences	549	805	756	2	2
557	$14,296	$29,015	$46,688	$33,999	70	FTF + FTT	13061	Northridge	Family and Consumer Sciences	390	805	574	2	5
558	$24,556	$44,663	$71,392	$51,855	70	FTF + FTT	13061	Northridge	Family and Consumer Sciences	143	805	243	2	10
559	$18,345	$41,172	$75,535	$48,312	70	FTF + FTT	13061	Northridge	Family and Consumer Sciences	44	805	68	2	15
560	$9,119	$18,555	$35,006	$24,097	70	FTF + FTT	15011	Northridge	English	545	756	716	2	2
561	$10,753	$23,660	$39,249	$28,694	70	FTF + FTT	15011	Northridge	English	430	756	602	2	5
562	$16,537	$34,672	$55,967	$40,884	70	FTF + FTT	15011	Northridge	English	203	756	349	2	10
563	$25,898	$45,416	$65,019	$53,734	70	FTF + FTT	15011	Northridge	English	94	756	188	2	15
564	$9,605	$24,481	$34,891	$24,562	70	FTF + FTT	15051	Northridge	Linguistics	42	57	55	2	2
565	$13,671	$37,607	$51,409	$36,206	70	FTF + FTT	15051	Northridge	Linguistics	23	57	33	2	5
566	$39,560	$49,155	$65,268	$58,841	70	FTF + FTT	15051	Northridge	Linguistics	6	57	15	2	10
567					70	FTF + FTT	15051	Northridge	Linguistics	2	57	7	2	15
568	$10,368	$21,366	$37,353	$27,269	70	FTF + FTT	15061	Northridge	Speech Communication	535	754	703	2	2
569	$14,500	$31,852	$51,495	$38,976	70	FTF + FTT	15061	Northridge	Speech Communication	364	754	544	2	5
570	$22,084	$43,282	$64,348	$58,961	70	FTF + FTT	15061	Northridge	Speech Communication	150	754	259	2	10
571	$33,224	$65,839	$96,664	$82,514	70	FTF + FTT	15061	Northridge	Speech Communication	55	754	92	2	15
572	$12,373	$19,994	$33,656	$25,863	70	FTF + FTT	15091	Northridge	Philosophy	100	135	127	2	2
573	$10,336	$25,767	$45,155	$34,040	70	FTF + FTT	15091	Northridge	Philosophy	74	135	100	2	5
574	$16,449	$37,654	$59,398	$43,640	70	FTF + FTT	15091	Northridge	Philosophy	36	135	52	2	10
575	$41,664	$54,832	$92,364	$67,377	70	FTF + FTT	15091	Northridge	Philosophy	13	135	21	2	15
576	$12,595	$20,726	$37,144	$26,123	70	FTF + FTT	15101	Northridge	Religious Studies	38	56	53	2	2
577	$11,607	$31,990	$52,571	$33,963	70	FTF + FTT	15101	Northridge	Religious Studies	28	56	44	2	5
578	$18,429	$52,452	$65,780	$46,527	70	FTF + FTT	15101	Northridge	Religious Studies	12	56	24	2	10
579					70	FTF + FTT	15101	Northridge	Religious Studies	3	56	10	2	15
580					70	FTF + FTT	15102	Northridge	Jewish Studies	4	9	8	2	2
581					70	FTF + FTT	15102	Northridge	Jewish Studies	3	9	7	2	5
582					70	FTF + FTT	15102	Northridge	Jewish Studies		9		2	10
583					70	FTF + FTT	15102	Northridge	Jewish Studies		9		2	15
584	$9,155	$18,815	$36,133	$26,042	70	FTF + FTT	15991	Northridge	Humanities	25	34	33	2	2
585	$16,956	$38,164	$62,730	$39,180	70	FTF + FTT	15991	Northridge	Humanities	21	34	28	2	5
586	$50,806	$66,795	$81,455	$67,279	70	FTF + FTT	15991	Northridge	Humanities	10	34	15	2	10
587	$21,913	$64,955	$81,578	$51,398	70	FTF + FTT	15991	Northridge	Humanities	5	34	10	2	15
588	$8,835	$17,695	$29,491	$22,900	70	FTF + FTT	17011	Northridge	Mathematics	189	257	239	2	2
589	$16,807	$28,585	$43,641	$34,500	70	FTF + FTT	17011	Northridge	Mathematics	143	257	182	2	5
590	$24,981	$41,995	$65,181	$45,976	70	FTF + FTT	17011	Northridge	Mathematics	57	257	80	2	10
591	$30,754	$45,664	$67,881	$52,585	70	FTF + FTT	17011	Northridge	Mathematics	24	257	39	2	15
592	$9,252	$15,219	$31,445	$19,479	70	FTF + FTT	17021	Northridge	Statistics	7	8	7	2	2
593					70	FTF + FTT	17021	Northridge	Statistics	3	8	4	2	5
594					70	FTF + FTT	17021	Northridge	Statistics	1	8	2	2	10
595					70	FTF + FTT	17021	Northridge	Statistics		8	1	2	15
596	$11,487	$22,319	$31,127	$24,449	70	FTF + FTT	17031	Northridge	Applied Mathematics	18	25	24	2	2
597	$18,176	$25,800	$53,214	$38,954	70	FTF + FTT	17031	Northridge	Applied Mathematics	11	25	18	2	5
598					70	FTF + FTT	17031	Northridge	Applied Mathematics	4	25	8	2	10
599					70	FTF + FTT	17031	Northridge	Applied Mathematics		25		2	15
600	$8,319	$17,099	$32,375	$27,201	70	FTF + FTT	19021	Northridge	Physics	51	88	82	2	2
601	$14,978	$31,031	$54,103	$38,526	70	FTF + FTT	19021	Northridge	Physics	35	88	61	2	5
602	$18,294	$49,686	$74,285	$53,004	70	FTF + FTT	19021	Northridge	Physics	20	88	34	2	10
603	$31,717	$60,139	$103,081	$70,259	70	FTF + FTT	19021	Northridge	Physics	8	88	17	2	15
604	$8,941	$19,266	$33,261	$23,127	70	FTF + FTT	19051	Northridge	Chemistry	109	177	163	2	2
605	$15,889	$30,542	$50,928	$35,211	70	FTF + FTT	19051	Northridge	Chemistry	76	177	120	2	5
606	$18,840	$53,010	$73,653	$53,128	70	FTF + FTT	19051	Northridge	Chemistry	35	177	64	2	10
607	$21,804	$61,593	$70,484	$62,234	70	FTF + FTT	19051	Northridge	Chemistry	18	177	30	2	15
608	$7,549	$12,044	$34,335	$21,372	70	FTF + FTT	19141	Northridge	Geology	31	63	55	2	2
609	$6,550	$14,885	$34,788	$23,833	70	FTF + FTT	19141	Northridge	Geology	24	63	38	2	5
610	$17,620	$38,577	$76,536	$48,607	70	FTF + FTT	19141	Northridge	Geology	10	63	22	2	10
611	$68,863	$77,005	$83,449	$74,645	70	FTF + FTT	19141	Northridge	Geology	6	63	13	2	15
612	$13,466	$22,361	$27,077	$25,422	70	FTF + FTT	19171	Northridge	Earth Science	5	5	5	2	2
613					70	FTF + FTT	19171	Northridge	Earth Science	4	5	5	2	5
614					70	FTF + FTT	19171	Northridge	Earth Science	4	5	5	2	10
615					70	FTF + FTT	19171	Northridge	Earth Science	3	5	4	2	15
616	$8,497	$17,663	$30,925	$22,338	70	FTF + FTT	20011	Northridge	Psychology	1,897	2,687	2,512	2	2
617	$12,624	$27,183	$42,046	$31,082	70	FTF + FTT	20011	Northridge	Psychology	1,325	2,687	1,904	2	5
618	$19,293	$37,808	$57,903	$41,661	70	FTF + FTT	20011	Northridge	Psychology	590	2,687	968	2	10
619	$19,431	$40,464	$63,910	$45,450	70	FTF + FTT	20011	Northridge	Psychology	272	2,687	500	2	15
620	$6,605	$13,580	$37,187	$21,697	70	FTF + FTT	21025	Northridge	Recreation Management & Administration-21025	25	59	33	2	2
621					70	FTF + FTT	21025	Northridge	Recreation Management & Administration-21025		59		2	5
622					70	FTF + FTT	21025	Northridge	Recreation Management & Administration-21025		59		2	10
623					70	FTF + FTT	21025	Northridge	Recreation Management & Administration-21025		59		2	15
624	$12,782	$20,107	$32,928	$26,912	70	FTF + FTT	21031	Northridge	Recreation Management & Administration-21031	94	131	130	2	2
625	$12,089	$27,680	$43,712	$34,857	70	FTF + FTT	21031	Northridge	Recreation Management & Administration-21031	73	131	118	2	5
626	$28,235	$40,808	$80,379	$59,186	70	FTF + FTT	21031	Northridge	Recreation Management & Administration-21031	32	131	56	2	10
627	$46,831	$73,241	$85,427	$65,691	70	FTF + FTT	21031	Northridge	Recreation Management & Administration-21031	10	131	26	2	15
628	$7,679	$16,542	$28,861	$20,219	70	FTF + FTT	21041	Northridge	Social Work	178	239	227	2	2
629	$15,944	$28,127	$38,076	$29,180	70	FTF + FTT	21041	Northridge	Social Work	118	239	162	2	5
630	$21,529	$32,992	$49,652	$39,599	70	FTF + FTT	21041	Northridge	Social Work	43	239	68	2	10
631	$24,172	$51,190	$69,956	$58,598	70	FTF + FTT	21041	Northridge	Social Work	17	239	31	2	15
632	$9,474	$19,252	$32,090	$22,501	70	FTF + FTT	21044	Northridge	Deaf Studies	223	315	298	2	2
633	$12,152	$26,541	$40,926	$29,743	70	FTF + FTT	21044	Northridge	Deaf Studies	152	315	239	2	5
634	$19,812	$35,878	$47,932	$37,808	70	FTF + FTT	21044	Northridge	Deaf Studies	65	315	112	2	10
635	$22,810	$42,363	$68,374	$47,402	70	FTF + FTT	21044	Northridge	Deaf Studies	29	315	55	2	15
636	$7,209	$19,165	$31,553	$21,339	70	FTF + FTT	22021	Northridge	Anthropology	120	167	156	2	2
637	$11,094	$28,873	$49,738	$33,122	70	FTF + FTT	22021	Northridge	Anthropology	82	167	119	2	5
638	$9,508	$40,592	$65,538	$45,287	70	FTF + FTT	22021	Northridge	Anthropology	34	167	55	2	10
639	$22,529	$51,214	$92,113	$55,855	70	FTF + FTT	22021	Northridge	Anthropology	12	167	28	2	15
640	$14,543	$33,153	$51,345	$38,087	70	FTF + FTT	22041	Northridge	Economics	183	276	256	2	2
641	$20,211	$38,989	$65,560	$47,612	70	FTF + FTT	22041	Northridge	Economics	134	276	199	2	5
642	$39,996	$59,020	$90,285	$111,148	70	FTF + FTT	22041	Northridge	Economics	56	276	92	2	10
643	$21,606	$55,304	$81,501	$81,861	70	FTF + FTT	22041	Northridge	Economics	28	276	47	2	15
644	$12,088	$24,176	$38,710	$28,847	70	FTF + FTT	22051	Northridge	History	484	668	640	2	2
645	$16,194	$31,790	$50,140	$37,530	70	FTF + FTT	22051	Northridge	History	378	668	519	2	5
646	$24,022	$42,106	$70,164	$56,423	70	FTF + FTT	22051	Northridge	History	163	668	256	2	10
647	$27,340	$52,284	$85,051	$64,349	70	FTF + FTT	22051	Northridge	History	69	668	123	2	15
648	$17,634	$30,131	$45,591	$34,053	70	FTF + FTT	22061	Northridge	Geography	70	100	95	2	2
649	$20,668	$30,911	$57,042	$45,418	70	FTF + FTT	22061	Northridge	Geography	46	100	68	2	5
650	$24,375	$58,877	$78,215	$54,709	70	FTF + FTT	22061	Northridge	Geography	25	100	38	2	10
651	$70,321	$93,813	$122,529	$104,915	70	FTF + FTT	22061	Northridge	Geography	6	100	15	2	15
652	$10,417	$21,757	$37,997	$28,056	70	FTF + FTT	22071	Northridge	Political Science	553	756	715	2	2
653	$16,332	$32,755	$51,465	$39,591	70	FTF + FTT	22071	Northridge	Political Science	405	756	558	2	5
654	$14,019	$39,468	$61,741	$41,237	70	FTF + FTT	22071	Northridge	Political Science	191	756	297	2	10
655	$31,834	$51,425	$73,797	$58,941	70	FTF + FTT	22071	Northridge	Political Science	92	756	153	2	15
656	$10,643	$20,804	$35,482	$26,443	70	FTF + FTT	22081	Northridge	Sociology	1,552	2,054	1,910	2	2
657	$18,298	$32,472	$49,935	$37,201	70	FTF + FTT	22081	Northridge	Sociology	1,067	2,054	1,417	2	5
658	$25,149	$44,376	$68,175	$49,019	70	FTF + FTT	22081	Northridge	Sociology	490	2,054	716	2	10
659	$26,727	$48,753	$77,119	$55,591	70	FTF + FTT	22081	Northridge	Sociology	224	2,054	351	2	15
660	$3,942	$14,249	$27,727	$17,416	70	FTF + FTT	22111	Northridge	African-American Studies	81	127	123	2	2
661	$5,961	$20,149	$35,320	$24,019	70	FTF + FTT	22111	Northridge	African-American Studies	63	127	102	2	5
662	$10,195	$26,000	$43,493	$29,201	70	FTF + FTT	22111	Northridge	African-American Studies	35	127	63	2	10
663	$16,983	$19,737	$41,167	$27,818	70	FTF + FTT	22111	Northridge	African-American Studies	13	127	30	2	15
664	$10,184	$21,611	$31,601	$25,013	70	FTF + FTT	22131	Northridge	Mexican-American Studies	94	123	119	2	2
665	$14,404	$28,995	$47,817	$33,387	70	FTF + FTT	22131	Northridge	Mexican-American Studies	71	123	99	2	5
666	$26,944	$40,459	$54,938	$48,155	70	FTF + FTT	22131	Northridge	Mexican-American Studies	32	123	51	2	10
667	$26,368	$46,155	$67,306	$46,806	70	FTF + FTT	22131	Northridge	Mexican-American Studies	17	123	27	2	15
668	$10,010	$23,933	$35,910	$29,613	70	FTF + FTT	22141	Northridge	Urban Studies	62	94	88	2	2
669	$12,465	$29,020	$41,699	$34,761	70	FTF + FTT	22141	Northridge	Urban Studies	44	94	64	2	5
670	$20,944	$41,115	$69,351	$46,898	70	FTF + FTT	22141	Northridge	Urban Studies	18	94	27	2	10
671	$49,800	$52,128	$60,070	$59,026	70	FTF + FTT	22141	Northridge	Urban Studies	5	94	9	2	15
672	$11,013	$21,714	$33,318	$29,783	70	FTF + FTT	49991	Northridge	Women's Studies	28	38	35	2	2
673	$1,305	$18,197	$34,645	$20,065	70	FTF + FTT	49991	Northridge	Women's Studies	11	38	20	2	5
674					70	FTF + FTT	49991	Northridge	Women's Studies	2	38	4	2	10
675					70	FTF + FTT	49991	Northridge	Women's Studies		38	1	2	15
676	$16,524	$24,418	$41,578	$26,635	70	FTF + FTT	22996	Northridge	Asian/Asian-American Studies	19	33	31	2	2
677	$19,746	$28,517	$43,478	$33,067	70	FTF + FTT	22996	Northridge	Asian/Asian-American Studies	20	33	28	2	5
678	$20,149	$32,742	$39,269	$32,071	70	FTF + FTT	22996	Northridge	Asian/Asian-American Studies	8	33	11	2	10
679					70	FTF + FTT	22996	Northridge	Asian/Asian-American Studies	1	33	1	2	15
680	$11,609	$21,640	$35,534	$25,776	70	FTF + FTT	49012	Northridge	Liberal Studies	1,229	1,618	1,565	2	2
681	$15,693	$28,913	$44,561	$32,560	70	FTF + FTT	49012	Northridge	Liberal Studies	1,001	1,618	1,389	2	5
682	$19,520	$36,277	$53,860	$40,818	70	FTF + FTT	49012	Northridge	Liberal Studies	564	1,618	874	2	10
683	$21,941	$44,325	$65,440	$50,165	70	FTF + FTT	49012	Northridge	Liberal Studies	217	1,618	372	2	15
684	$1,161	$26,846	$43,539	$25,754	70	FTF + FTT	49993	Northridge	Education	7	13	11	2	2
685					70	FTF + FTT	49993	Northridge	Education	3	13	10	2	5
686					70	FTF + FTT	49993	Northridge	Education	1	13	8	2	10
687					70	FTF + FTT	49993	Northridge	Education	1	13	8	2	15
688	$81,122	$109,393	$138,046	$109,977	70	FTF + FTT	12032	Northridge	Nursing-12032	26	42	27	4	2
689					70	FTF + FTT	12032	Northridge	Nursing-12032	3	42	4	4	5
690					70	FTF + FTT	12032	Northridge	Nursing-12032		42		4	10
691					70	FTF + FTT	12032	Northridge	Nursing-12032		42		4	15
692					70	FTF + FTT	3085	Northridge	Latin/Central American Studies	4	8	5	4	2
693					70	FTF + FTT	3085	Northridge	Latin/Central American Studies		8		4	5
694					70	FTF + FTT	3085	Northridge	Latin/Central American Studies		8		4	10
695					70	FTF + FTT	3085	Northridge	Latin/Central American Studies		8		4	15
696	$30,422	$62,665	$115,081	$75,815	70	FTF + FTT	4011	Northridge	Biology	499	804	671	4	2
697	$50,173	$82,431	$137,979	$94,574	70	FTF + FTT	4011	Northridge	Biology	329	804	458	4	5
698	$66,406	$98,073	$141,331	$109,896	70	FTF + FTT	4011	Northridge	Biology	138	804	182	4	10
699	$26,211	$100,100	$132,636	$86,884	70	FTF + FTT	4011	Northridge	Biology	16	804	22	4	15
700	$37,228	$50,143	$79,889	$60,262	70	FTF + FTT	4111	Northridge	Microbiology	19	33	29	4	2
701	$63,145	$71,162	$100,466	$83,461	70	FTF + FTT	4111	Northridge	Microbiology	13	33	21	4	5
702					70	FTF + FTT	4111	Northridge	Microbiology	2	33	5	4	10
703					70	FTF + FTT	4111	Northridge	Microbiology		33		4	15
704	$48,211	$79,357	$135,994	$88,927	70	FTF + FTT	4141	Northridge	Biochemistry	47	89	68	4	2
705	$56,057	$85,095	$141,755	$92,826	70	FTF + FTT	4141	Northridge	Biochemistry	31	89	42	4	5
706	$54,423	$83,341	$113,185	$79,833	70	FTF + FTT	4141	Northridge	Biochemistry	9	89	14	4	10
707					70	FTF + FTT	4141	Northridge	Biochemistry	3	89	3	4	15
708					70	FTF + FTT	4152	Northridge	Biomedical Physics	3	5	3	4	2
709					70	FTF + FTT	4152	Northridge	Biomedical Physics	2	5	2	4	5
710					70	FTF + FTT	4152	Northridge	Biomedical Physics		5		4	10
711					70	FTF + FTT	4152	Northridge	Biomedical Physics		5		4	15
712	$38,817	$58,446	$85,890	$69,875	70	FTF + FTT	4171	Northridge	Cell and Molecular Biology	60	119	84	4	2
713	$39,681	$76,633	$137,256	$87,432	70	FTF + FTT	4171	Northridge	Cell and Molecular Biology	30	119	40	4	5
714	$37,152	$128,424	$223,610	$127,846	70	FTF + FTT	4171	Northridge	Cell and Molecular Biology	11	119	14	4	10
715					70	FTF + FTT	4171	Northridge	Cell and Molecular Biology	2	119	2	4	15
716	$50,560	$66,076	$72,006	$65,148	70	FTF + FTT	4201	Northridge	Environmental Biology & Ecology	13	30	22	4	2
717	$64,101	$77,139	$82,076	$74,042	70	FTF + FTT	4201	Northridge	Environmental Biology & Ecology	7	30	13	4	5
718					70	FTF + FTT	4201	Northridge	Environmental Biology & Ecology	3	30	5	4	10
719					70	FTF + FTT	4201	Northridge	Environmental Biology & Ecology		30		4	15
720	$36,363	$62,481	$85,184	$66,572	70	FTF + FTT	5011	Northridge	Business Administration	175	305	236	4	2
721	$43,956	$75,000	$106,952	$85,901	70	FTF + FTT	5011	Northridge	Business Administration	110	305	147	4	5
722	$56,031	$91,111	$148,117	$120,206	70	FTF + FTT	5011	Northridge	Business Administration	24	305	35	4	10
723					70	FTF + FTT	5011	Northridge	Business Administration		305	1	4	15
724					70	FTF + FTT	5012	Northridge	Business Education	4	6	6	4	2
725					70	FTF + FTT	5012	Northridge	Business Education	3	6	5	4	5
726					70	FTF + FTT	5012	Northridge	Business Education	1	6	2	4	10
727					70	FTF + FTT	5012	Northridge	Business Education		6		4	15
728	$60,856	$78,283	$103,575	$84,038	70	FTF + FTT	5021	Northridge	Accounting	175	298	229	4	2
729	$67,620	$92,948	$120,901	$101,202	70	FTF + FTT	5021	Northridge	Accounting	110	298	153	4	5
730	$79,059	$115,360	$148,620	$131,786	70	FTF + FTT	5021	Northridge	Accounting	31	298	51	4	10
731					70	FTF + FTT	5021	Northridge	Accounting		298	2	4	15
732	$54,130	$76,629	$100,118	$82,371	70	FTF + FTT	5041	Northridge	Finance	338	506	425	4	2
733	$67,849	$95,648	$120,375	$101,139	70	FTF + FTT	5041	Northridge	Finance	213	506	275	4	5
734	$82,920	$114,581	$153,040	$122,914	70	FTF + FTT	5041	Northridge	Finance	75	506	94	4	10
735	$91,871	$168,523	$205,081	$149,215	70	FTF + FTT	5041	Northridge	Finance	6	506	6	4	15
736	$43,362	$62,176	$90,626	$69,826	70	FTF + FTT	5061	Northridge	Management-5061	191	334	244	4	2
737	$47,014	$73,478	$104,556	$77,177	70	FTF + FTT	5061	Northridge	Management-5061	118	334	145	4	5
738	$76,028	$101,484	$150,794	$112,609	70	FTF + FTT	5061	Northridge	Management-5061	26	334	36	4	10
739					70	FTF + FTT	5061	Northridge	Management-5061	3	334	3	4	15
740					70	FTF + FTT	5064	Northridge	Production and Operations Management	1	1	1	4	2
741					70	FTF + FTT	5064	Northridge	Production and Operations Management	1	1	1	4	5
742					70	FTF + FTT	5064	Northridge	Production and Operations Management	1	1	1	4	10
743					70	FTF + FTT	5064	Northridge	Production and Operations Management		1		4	15
744	$53,460	$77,428	$103,547	$87,206	70	FTF + FTT	5072	Northridge	Management Systems Analysis / Operations Research	16	29	20	4	2
745	$35,210	$57,393	$83,216	$84,196	70	FTF + FTT	5072	Northridge	Management Systems Analysis / Operations Research	9	29	10	4	5
746					70	FTF + FTT	5072	Northridge	Management Systems Analysis / Operations Research	1	29	2	4	10
747					70	FTF + FTT	5072	Northridge	Management Systems Analysis / Operations Research		29		4	15
748	$48,996	$65,590	$85,806	$69,650	70	FTF + FTT	5091	Northridge	Marketing	187	291	242	4	2
749	$54,232	$78,847	$101,594	$81,370	70	FTF + FTT	5091	Northridge	Marketing	121	291	149	4	5
750	$57,621	$91,623	$113,430	$99,805	70	FTF + FTT	5091	Northridge	Marketing	18	291	25	4	10
751					70	FTF + FTT	5091	Northridge	Marketing		291	1	4	15
752	$25,610	$49,704	$73,240	$50,538	70	FTF + FTT	5111	Northridge	Real Estate	25	37	31	4	2
753	$49,402	$73,533	$106,587	$81,110	70	FTF + FTT	5111	Northridge	Real Estate	13	37	18	4	5
754					70	FTF + FTT	5111	Northridge	Real Estate	3	37	3	4	10
755					70	FTF + FTT	5111	Northridge	Real Estate		37		4	15
756	$47,789	$71,801	$94,858	$71,149	70	FTF + FTT	5131	Northridge	International Business	44	68	59	4	2
757	$26,147	$70,643	$91,766	$67,222	70	FTF + FTT	5131	Northridge	International Business	34	68	48	4	5
758	$93,588	$110,396	$140,105	$120,873	70	FTF + FTT	5131	Northridge	International Business	7	68	12	4	10
759					70	FTF + FTT	5131	Northridge	International Business		68		4	15
760	$56,383	$73,779	$88,677	$77,506	70	FTF + FTT	5151	Northridge	Human Resources/Personnel Management	27	41	34	4	2
761	$47,586	$72,825	$89,037	$70,291	70	FTF + FTT	5151	Northridge	Human Resources/Personnel Management	19	41	23	4	5
762					70	FTF + FTT	5151	Northridge	Human Resources/Personnel Management	4	41	5	4	10
763					70	FTF + FTT	5151	Northridge	Human Resources/Personnel Management		41		4	15
764	$27,988	$64,350	$82,112	$63,436	70	FTF + FTT	5995	Northridge	Business Law	40	57	56	4	2
765	$35,964	$84,270	$99,593	$75,770	70	FTF + FTT	5995	Northridge	Business Law	36	57	55	4	5
766	$68,088	$92,115	$109,501	$85,290	70	FTF + FTT	5995	Northridge	Business Law	16	57	32	4	10
767					70	FTF + FTT	5995	Northridge	Business Law		57		4	15
768	$31,617	$49,756	$66,895	$53,781	70	FTF + FTT	6022	Northridge	Journalism	164	290	232	4	2
769	$37,021	$59,839	$79,956	$63,543	70	FTF + FTT	6022	Northridge	Journalism	76	290	121	4	5
770	$39,682	$67,147	$95,072	$84,942	70	FTF + FTT	6022	Northridge	Journalism	24	290	38	4	10
771					70	FTF + FTT	6022	Northridge	Journalism		290	3	4	15
772	$19,476	$43,169	$68,801	$45,711	70	FTF + FTT	6031	Northridge	Radio/Television/Broadcast	157	298	221	4	2
773	$28,425	$53,996	$73,989	$53,991	70	FTF + FTT	6031	Northridge	Radio/Television/Broadcast	87	298	117	4	5
774	$22,928	$57,575	$80,601	$55,914	70	FTF + FTT	6031	Northridge	Radio/Television/Broadcast	17	298	32	4	10
775					70	FTF + FTT	6031	Northridge	Radio/Television/Broadcast	4	298	4	4	15
776	$65,774	$87,705	$116,672	$89,519	70	FTF + FTT	7012	Northridge	Computer Science and Information Technology	160	235	207	4	2
777	$74,090	$104,635	$122,039	$104,251	70	FTF + FTT	7012	Northridge	Computer Science and Information Technology	118	235	160	4	5
778	$97,561	$123,181	$148,701	$141,520	70	FTF + FTT	7012	Northridge	Computer Science and Information Technology	34	235	48	4	10
779					70	FTF + FTT	7012	Northridge	Computer Science and Information Technology	3	235	3	4	15
780	$69,299	$90,618	$120,258	$96,613	70	FTF + FTT	7021	Northridge	Information Systems	108	156	138	4	2
781	$68,111	$105,530	$139,228	$104,093	70	FTF + FTT	7021	Northridge	Information Systems	64	156	92	4	5
782	$94,091	$125,531	$149,233	$125,219	70	FTF + FTT	7021	Northridge	Information Systems	20	156	29	4	10
783					70	FTF + FTT	7021	Northridge	Information Systems		156	1	4	15
784	$35,918	$52,782	$67,181	$50,593	70	FTF + FTT	8231	Northridge	Child Development	655	965	792	4	2
785	$37,655	$60,530	$76,378	$57,862	70	FTF + FTT	8231	Northridge	Child Development	395	965	540	4	5
786	$30,632	$73,089	$85,725	$63,586	70	FTF + FTT	8231	Northridge	Child Development	147	965	210	4	10
787	$35,006	$77,018	$90,050	$74,494	70	FTF + FTT	8231	Northridge	Child Development	11	965	20	4	15
788	$32,264	$63,027	$80,687	$58,039	70	FTF + FTT	8351	Northridge	Kinesiology	415	623	495	4	2
789	$47,499	$71,069	$87,301	$66,902	70	FTF + FTT	8351	Northridge	Kinesiology	266	623	325	4	5
790	$50,402	$78,817	$98,639	$80,762	70	FTF + FTT	8351	Northridge	Kinesiology	71	623	92	4	10
791	$55,849	$85,856	$114,952	$88,104	70	FTF + FTT	8351	Northridge	Kinesiology	7	623	10	4	15
792	$19,227	$43,975	$56,876	$37,710	70	FTF + FTT	8375	Northridge	Athletic Training	11	22	11	4	2
793					70	FTF + FTT	8375	Northridge	Athletic Training		22		4	5
794					70	FTF + FTT	8375	Northridge	Athletic Training		22		4	10
795					70	FTF + FTT	8375	Northridge	Athletic Training		22		4	15
796	$58,299	$75,379	$109,636	$99,126	70	FTF + FTT	9011	Northridge	Engineering	8	12	11	4	2
797	$67,957	$95,918	$167,444	$116,483	70	FTF + FTT	9011	Northridge	Engineering	6	12	9	4	5
798					70	FTF + FTT	9011	Northridge	Engineering	3	12	3	4	10
799					70	FTF + FTT	9011	Northridge	Engineering	1	12	1	4	15
800	$36,857	$67,777	$80,137	$62,616	70	FTF + FTT	9081	Northridge	Civil Engineering	70	107	86	4	2
801	$75,056	$90,102	$100,328	$87,836	70	FTF + FTT	9081	Northridge	Civil Engineering	37	107	46	4	5
802	$98,467	$104,883	$112,755	$104,808	70	FTF + FTT	9081	Northridge	Civil Engineering	6	107	7	4	10
803					70	FTF + FTT	9081	Northridge	Civil Engineering		107	1	4	15
804	$71,218	$94,084	$111,707	$92,015	70	FTF + FTT	9091	Northridge	Electrical Engineering	92	142	124	4	2
805	$74,788	$97,763	$124,933	$96,034	70	FTF + FTT	9091	Northridge	Electrical Engineering	58	142	85	4	5
806	$46,621	$83,833	$123,559	$85,490	70	FTF + FTT	9091	Northridge	Electrical Engineering	11	142	19	4	10
807					70	FTF + FTT	9091	Northridge	Electrical Engineering		142		4	15
808	$69,409	$84,413	$99,952	$87,181	70	FTF + FTT	9094	Northridge	Computer Engineering	23	40	33	4	2
809	$94,961	$101,034	$114,381	$99,635	70	FTF + FTT	9094	Northridge	Computer Engineering	14	40	20	4	5
810					70	FTF + FTT	9094	Northridge	Computer Engineering	1	40	1	4	10
811					70	FTF + FTT	9094	Northridge	Computer Engineering		40		4	15
812	$71,096	$87,050	$102,359	$85,569	70	FTF + FTT	9101	Northridge	Mechanical Engineering	88	124	104	4	2
813	$78,624	$103,196	$123,191	$102,233	70	FTF + FTT	9101	Northridge	Mechanical Engineering	48	124	64	4	5
814	$78,760	$108,877	$130,303	$114,569	70	FTF + FTT	9101	Northridge	Mechanical Engineering	14	124	17	4	10
815					70	FTF + FTT	9101	Northridge	Mechanical Engineering		124		4	15
816	$70,636	$89,075	$101,995	$85,823	70	FTF + FTT	9134	Northridge	Manufacturing Engineering	20	32	26	4	2
817	$65,695	$91,434	$112,334	$96,845	70	FTF + FTT	9134	Northridge	Manufacturing Engineering	15	32	19	4	5
818	$75,368	$85,899	$217,649	$127,230	70	FTF + FTT	9134	Northridge	Manufacturing Engineering	7	32	8	4	10
819					70	FTF + FTT	9134	Northridge	Manufacturing Engineering		32		4	15
820					70	FTF + FTT	9254	Northridge	Construction Engineering Technology	4	10	9	4	2
821					70	FTF + FTT	9254	Northridge	Construction Engineering Technology	3	10	5	4	5
822					70	FTF + FTT	9254	Northridge	Construction Engineering Technology		10		4	10
823					70	FTF + FTT	9254	Northridge	Construction Engineering Technology		10		4	15
824	$20,903	$38,572	$58,494	$42,048	70	FTF + FTT	10021	Northridge	Art	121	221	166	4	2
825	$24,936	$52,317	$69,467	$51,494	70	FTF + FTT	10021	Northridge	Art	76	221	110	4	5
826	$25,695	$68,802	$86,497	$59,413	70	FTF + FTT	10021	Northridge	Art	26	221	36	4	10
827					70	FTF + FTT	10021	Northridge	Art	2	221	3	4	15
828	$11,549	$32,984	$57,296	$36,482	70	FTF + FTT	10031	Northridge	Art History	17	23	19	4	2
829	$14,983	$52,950	$60,904	$44,250	70	FTF + FTT	10031	Northridge	Art History	10	23	14	4	5
830					70	FTF + FTT	10031	Northridge	Art History	2	23	4	4	10
831					70	FTF + FTT	10031	Northridge	Art History		23	1	4	15
832	$7,483	$22,402	$44,473	$28,543	70	FTF + FTT	10041	Northridge	Music - Performance	107	213	175	4	2
833	$9,656	$32,373	$58,599	$36,600	70	FTF + FTT	10041	Northridge	Music - Performance	65	213	113	4	5
834	$28,864	$57,436	$86,095	$56,986	70	FTF + FTT	10041	Northridge	Music - Performance	13	213	30	4	10
835					70	FTF + FTT	10041	Northridge	Music - Performance	1	213	1	4	15
836	$29,256	$57,751	$70,251	$55,313	70	FTF + FTT	10051	Northridge	Music	57	104	79	4	2
837	$58,754	$72,695	$92,376	$73,559	70	FTF + FTT	10051	Northridge	Music	32	104	51	4	5
838	$68,752	$87,959	$153,777	$119,766	70	FTF + FTT	10051	Northridge	Music	8	104	14	4	10
839					70	FTF + FTT	10051	Northridge	Music		104		4	15
840	$18,693	$37,971	$53,590	$39,834	70	FTF + FTT	10071	Northridge	Theatre Arts	47	82	67	4	2
841	$13,864	$33,881	$59,601	$40,594	70	FTF + FTT	10071	Northridge	Theatre Arts	27	82	43	4	5
842	$66,213	$86,149	$111,506	$79,938	70	FTF + FTT	10071	Northridge	Theatre Arts	7	82	13	4	10
843					70	FTF + FTT	10071	Northridge	Theatre Arts		82	1	4	15
844	$26,266	$52,079	$66,143	$52,345	70	FTF + FTT	10091	Northridge	Graphic Design	32	55	42	4	2
845	$37,075	$52,284	$65,593	$55,448	70	FTF + FTT	10091	Northridge	Graphic Design	17	55	26	4	5
846					70	FTF + FTT	10091	Northridge	Graphic Design	3	55	4	4	10
847					70	FTF + FTT	10091	Northridge	Graphic Design		55		4	15
848	$27,043	$43,665	$70,647	$53,264	70	FTF + FTT	10101	Northridge	Cinema/Film	25	36	29	4	2
849	$27,285	$63,931	$79,561	$62,972	70	FTF + FTT	10101	Northridge	Cinema/Film	18	36	23	4	5
850	$49,651	$63,972	$74,295	$61,423	70	FTF + FTT	10101	Northridge	Cinema/Film	9	36	14	4	10
851					70	FTF + FTT	10101	Northridge	Cinema/Film	1	36	1	4	15
852	$3,308	$25,030	$48,161	$32,045	70	FTF + FTT	11031	Northridge	World Languages and Cultures/Translation	11	23	18	4	2
853					70	FTF + FTT	11031	Northridge	World Languages and Cultures/Translation	3	23	5	4	5
854					70	FTF + FTT	11031	Northridge	World Languages and Cultures/Translation	1	23	1	4	10
855					70	FTF + FTT	11031	Northridge	World Languages and Cultures/Translation		23		4	15
856	$22,594	$55,182	$71,961	$49,305	70	FTF + FTT	11051	Northridge	Spanish	77	113	94	4	2
857	$50,675	$76,031	$88,654	$67,573	70	FTF + FTT	11051	Northridge	Spanish	51	113	62	4	5
858	$57,069	$76,966	$87,554	$68,936	70	FTF + FTT	11051	Northridge	Spanish	22	113	24	4	10
859					70	FTF + FTT	11051	Northridge	Spanish	1	113	1	4	15
860	$48,041	$66,044	$80,606	$65,951	70	FTF + FTT	12011	Northridge	Health Science	413	551	480	4	2
861	$49,541	$77,010	$95,898	$77,096	70	FTF + FTT	12011	Northridge	Health Science	292	551	359	4	5
862	$52,840	$85,188	$114,057	$82,243	70	FTF + FTT	12011	Northridge	Health Science	137	551	180	4	10
863	$80,288	$93,285	$113,538	$94,781	70	FTF + FTT	12011	Northridge	Health Science	36	551	50	4	15
864					70	FTF + FTT	12021	Northridge	Health Care Management/Administration		18		4	2
865					70	FTF + FTT	12021	Northridge	Health Care Management/Administration		18		4	5
866					70	FTF + FTT	12021	Northridge	Health Care Management/Administration		18		4	10
867					70	FTF + FTT	12021	Northridge	Health Care Management/Administration		18		4	15
868	$89,795	$117,074	$135,231	$115,858	70	FTF + FTT	12031	Northridge	Nursing-12031	57	69	65	4	2
869	$93,637	$109,724	$141,367	$112,262	70	FTF + FTT	12031	Northridge	Nursing-12031	47	69	53	4	5
870	$98,410	$133,567	$158,347	$129,784	70	FTF + FTT	12031	Northridge	Nursing-12031	17	69	22	4	10
871					70	FTF + FTT	12031	Northridge	Nursing-12031	4	69	4	4	15
872					70	FTF + FTT	12140	Northridge	Public Health		21		4	2
873					70	FTF + FTT	12140	Northridge	Public Health		21		4	5
874					70	FTF + FTT	12140	Northridge	Public Health		21		4	10
875					70	FTF + FTT	12140	Northridge	Public Health		21		4	15
876					70	FTF + FTT	12141	Northridge	Health Education	1	1	1	4	2
877					70	FTF + FTT	12141	Northridge	Health Education	1	1	1	4	5
878					70	FTF + FTT	12141	Northridge	Health Education	1	1	1	4	10
879					70	FTF + FTT	12141	Northridge	Health Education		1		4	15
880	$60,255	$74,124	$83,426	$70,429	70	FTF + FTT	12142	Northridge	Environmental and Occupational Health	92	139	115	4	2
881	$71,651	$83,974	$100,496	$82,218	70	FTF + FTT	12142	Northridge	Environmental and Occupational Health	70	139	90	4	5
882	$85,297	$108,469	$123,005	$108,697	70	FTF + FTT	12142	Northridge	Environmental and Occupational Health	33	139	43	4	10
883	$119,323	$137,426	$153,667	$137,976	70	FTF + FTT	12142	Northridge	Environmental and Occupational Health	10	139	13	4	15
884	$47,320	$65,202	$76,746	$62,529	70	FTF + FTT	12201	Northridge	Communicative Disorders	275	353	308	4	2
885	$53,543	$72,341	$85,167	$68,182	70	FTF + FTT	12201	Northridge	Communicative Disorders	186	353	226	4	5
886	$44,847	$75,858	$92,300	$74,067	70	FTF + FTT	12201	Northridge	Communicative Disorders	78	353	107	4	10
887	$31,250	$82,224	$98,220	$72,201	70	FTF + FTT	12201	Northridge	Communicative Disorders	21	353	32	4	15
888	$45,576	$70,542	$102,922	$72,275	70	FTF + FTT	12231	Northridge	Medical Technology	29	47	36	4	2
889	$89,928	$101,769	$135,602	$103,226	70	FTF + FTT	12231	Northridge	Medical Technology	11	47	15	4	5
890					70	FTF + FTT	12231	Northridge	Medical Technology		47		4	10
891					70	FTF + FTT	12231	Northridge	Medical Technology		47		4	15
892	$65,771	$80,791	$117,369	$80,886	70	FTF + FTT	12253	Northridge	Radiologic Science & Technology	17	23	18	4	2
893	$56,964	$89,025	$132,076	$94,312	70	FTF + FTT	12253	Northridge	Radiologic Science & Technology	12	23	13	4	5
894					70	FTF + FTT	12253	Northridge	Radiologic Science & Technology	2	23	2	4	10
895					70	FTF + FTT	12253	Northridge	Radiologic Science & Technology		23		4	15
896	$34,001	$49,740	$65,748	$49,784	70	FTF + FTT	13061	Northridge	Family and Consumer Sciences	201	335	264	4	2
897	$38,120	$60,962	$77,632	$59,472	70	FTF + FTT	13061	Northridge	Family and Consumer Sciences	99	335	146	4	5
898	$25,126	$64,928	$86,090	$56,560	70	FTF + FTT	13061	Northridge	Family and Consumer Sciences	25	335	46	4	10
899					70	FTF + FTT	13061	Northridge	Family and Consumer Sciences	3	335	6	4	15
900	$31,974	$52,722	$68,808	$52,325	70	FTF + FTT	15011	Northridge	English	472	807	637	4	2
901	$32,968	$60,728	$80,754	$59,364	70	FTF + FTT	15011	Northridge	English	297	807	412	4	5
902	$42,933	$71,528	$90,787	$68,976	70	FTF + FTT	15011	Northridge	English	103	807	148	4	10
903	$49,211	$78,623	$81,276	$67,209	70	FTF + FTT	15011	Northridge	English	12	807	16	4	15
904	$26,348	$34,592	$50,786	$38,110	70	FTF + FTT	15051	Northridge	Linguistics	28	52	40	4	2
905	$20,816	$35,279	$69,682	$44,239	70	FTF + FTT	15051	Northridge	Linguistics	18	52	28	4	5
906					70	FTF + FTT	15051	Northridge	Linguistics	3	52	9	4	10
907					70	FTF + FTT	15051	Northridge	Linguistics		52	2	4	15
908	$29,708	$49,472	$72,022	$53,281	70	FTF + FTT	15061	Northridge	Speech Communication	255	410	342	4	2
909	$38,550	$58,208	$80,348	$61,807	70	FTF + FTT	15061	Northridge	Speech Communication	147	410	202	4	5
910	$44,256	$73,220	$91,296	$76,459	70	FTF + FTT	15061	Northridge	Speech Communication	49	410	64	4	10
911					70	FTF + FTT	15061	Northridge	Speech Communication	3	410	7	4	15
912	$22,321	$46,879	$67,346	$45,337	70	FTF + FTT	15091	Northridge	Philosophy	35	69	53	4	2
913	$33,137	$53,883	$76,854	$53,908	70	FTF + FTT	15091	Northridge	Philosophy	27	69	39	4	5
914	$17,132	$70,226	$120,909	$68,299	70	FTF + FTT	15091	Northridge	Philosophy	6	69	8	4	10
915					70	FTF + FTT	15091	Northridge	Philosophy	1	69	1	4	15
916	$29,824	$59,197	$67,221	$53,651	70	FTF + FTT	15101	Northridge	Religious Studies	19	45	33	4	2
917	$45,736	$59,547	$84,627	$67,006	70	FTF + FTT	15101	Northridge	Religious Studies	10	45	16	4	5
918					70	FTF + FTT	15101	Northridge	Religious Studies	3	45	5	4	10
919					70	FTF + FTT	15101	Northridge	Religious Studies		45		4	15
920	$27,402	$44,343	$58,137	$43,300	70	FTF + FTT	15991	Northridge	Humanities	14	20	19	4	2
921	$38,232	$56,973	$66,522	$54,548	70	FTF + FTT	15991	Northridge	Humanities	7	20	10	4	5
922					70	FTF + FTT	15991	Northridge	Humanities	2	20	3	4	10
923					70	FTF + FTT	15991	Northridge	Humanities		20		4	15
924	$61,203	$72,845	$87,047	$74,023	70	FTF + FTT	17011	Northridge	Mathematics	74	116	85	4	2
925	$68,988	$81,412	$104,253	$88,053	70	FTF + FTT	17011	Northridge	Mathematics	47	116	56	4	5
926	$87,147	$97,013	$114,364	$98,141	70	FTF + FTT	17011	Northridge	Mathematics	18	116	19	4	10
927					70	FTF + FTT	17011	Northridge	Mathematics	2	116	2	4	15
928	$12,621	$69,473	$88,019	$55,619	70	FTF + FTT	17021	Northridge	Statistics	8	16	11	4	2
929	$22,242	$61,740	$92,667	$58,270	70	FTF + FTT	17021	Northridge	Statistics	7	16	8	4	5
930					70	FTF + FTT	17021	Northridge	Statistics	2	16	2	4	10
931					70	FTF + FTT	17021	Northridge	Statistics	1	16	1	4	15
932	$13,697	$44,525	$68,294	$47,213	70	FTF + FTT	17031	Northridge	Applied Mathematics	14	24	21	4	2
933	$51,639	$69,790	$92,404	$68,523	70	FTF + FTT	17031	Northridge	Applied Mathematics	10	24	12	4	5
934	$58,241	$73,835	$117,600	$85,993	70	FTF + FTT	17031	Northridge	Applied Mathematics	5	24	5	4	10
935					70	FTF + FTT	17031	Northridge	Applied Mathematics		24		4	15
936	$32,084	$52,392	$73,407	$52,852	70	FTF + FTT	19021	Northridge	Physics	22	45	34	4	2
937	$58,691	$80,611	$93,936	$74,112	70	FTF + FTT	19021	Northridge	Physics	15	45	23	4	5
938					70	FTF + FTT	19021	Northridge	Physics	4	45	7	4	10
939					70	FTF + FTT	19021	Northridge	Physics		45		4	15
940	$52,239	$94,052	$143,493	$102,261	70	FTF + FTT	19051	Northridge	Chemistry	29	58	44	4	2
941	$78,386	$112,868	$169,061	$144,431	70	FTF + FTT	19051	Northridge	Chemistry	13	58	24	4	5
942					70	FTF + FTT	19051	Northridge	Chemistry	3	58	8	4	10
943					70	FTF + FTT	19051	Northridge	Chemistry		58	1	4	15
944	$23,530	$63,719	$78,532	$54,541	70	FTF + FTT	19141	Northridge	Geology	14	38	29	4	2
945	$80,680	$122,932	$141,219	$109,350	70	FTF + FTT	19141	Northridge	Geology	6	38	20	4	5
946					70	FTF + FTT	19141	Northridge	Geology	1	38	5	4	10
947					70	FTF + FTT	19141	Northridge	Geology		38		4	15
948					70	FTF + FTT	19171	Northridge	Earth Science	2	2	2	4	2
949					70	FTF + FTT	19171	Northridge	Earth Science	2	2	2	4	5
950					70	FTF + FTT	19171	Northridge	Earth Science	1	2	1	4	10
951					70	FTF + FTT	19171	Northridge	Earth Science		2		4	15
952	$32,016	$51,518	$67,547	$51,425	70	FTF + FTT	20011	Northridge	Psychology	1,892	2,847	2,307	4	2
953	$39,771	$59,334	$80,305	$60,780	70	FTF + FTT	20011	Northridge	Psychology	1,140	2,847	1,478	4	5
954	$47,058	$76,714	$93,779	$72,675	70	FTF + FTT	20011	Northridge	Psychology	349	2,847	518	4	10
955	$43,136	$94,568	$112,596	$95,183	70	FTF + FTT	20011	Northridge	Psychology	36	2,847	63	4	15
956					70	FTF + FTT	21025	Northridge	Recreation Management & Administration-21025	1	7	1	4	2
957					70	FTF + FTT	21025	Northridge	Recreation Management & Administration-21025		7		4	5
958					70	FTF + FTT	21025	Northridge	Recreation Management & Administration-21025		7		4	10
959					70	FTF + FTT	21025	Northridge	Recreation Management & Administration-21025		7		4	15
960	$24,311	$44,241	$61,829	$43,363	70	FTF + FTT	21031	Northridge	Recreation Management & Administration-21031	46	67	61	4	2
961	$19,006	$46,544	$60,799	$46,958	70	FTF + FTT	21031	Northridge	Recreation Management & Administration-21031	28	67	40	4	5
962	$4,150	$55,852	$92,739	$56,049	70	FTF + FTT	21031	Northridge	Recreation Management & Administration-21031	6	67	10	4	10
963					70	FTF + FTT	21031	Northridge	Recreation Management & Administration-21031		67	3	4	15
964	$48,530	$59,664	$71,051	$59,515	70	FTF + FTT	21041	Northridge	Social Work	169	241	186	4	2
965	$50,665	$65,248	$79,186	$62,541	70	FTF + FTT	21041	Northridge	Social Work	106	241	119	4	5
966	$68,949	$82,800	$92,607	$81,280	70	FTF + FTT	21041	Northridge	Social Work	35	241	40	4	10
967	$78,225	$81,944	$98,333	$87,181	70	FTF + FTT	21041	Northridge	Social Work	6	241	6	4	15
968	$38,080	$58,478	$70,681	$55,173	70	FTF + FTT	21044	Northridge	Deaf Studies	192	321	251	4	2
969	$42,753	$65,265	$80,161	$61,764	70	FTF + FTT	21044	Northridge	Deaf Studies	130	321	175	4	5
970	$19,794	$60,234	$73,020	$51,942	70	FTF + FTT	21044	Northridge	Deaf Studies	49	321	78	4	10
971	$45,587	$67,864	$99,632	$79,516	70	FTF + FTT	21044	Northridge	Deaf Studies	8	321	17	4	15
972	$18,872	$46,624	$66,229	$47,377	70	FTF + FTT	22021	Northridge	Anthropology	46	87	67	4	2
973	$25,470	$61,046	$80,669	$53,241	70	FTF + FTT	22021	Northridge	Anthropology	21	87	35	4	5
974					70	FTF + FTT	22021	Northridge	Anthropology	4	87	7	4	10
975					70	FTF + FTT	22021	Northridge	Anthropology	1	87	1	4	15
976	$38,819	$65,560	$84,552	$69,077	70	FTF + FTT	22041	Northridge	Economics	67	118	93	4	2
977	$65,050	$81,069	$97,342	$82,350	70	FTF + FTT	22041	Northridge	Economics	45	118	63	4	5
978	$94,351	$128,013	$191,572	$148,720	70	FTF + FTT	22041	Northridge	Economics	11	118	16	4	10
979					70	FTF + FTT	22041	Northridge	Economics		118	2	4	15
980	$26,585	$52,881	$73,367	$53,181	70	FTF + FTT	22051	Northridge	History	287	489	388	4	2
981	$38,375	$61,552	$84,059	$64,338	70	FTF + FTT	22051	Northridge	History	199	489	260	4	5
982	$40,458	$80,386	$93,970	$76,447	70	FTF + FTT	22051	Northridge	History	64	489	91	4	10
983	$44,598	$84,775	$116,073	$89,448	70	FTF + FTT	22051	Northridge	History	11	489	13	4	15
984	$19,629	$53,742	$66,150	$49,974	70	FTF + FTT	22061	Northridge	Geography	45	73	60	4	2
985	$21,894	$61,723	$80,408	$55,945	70	FTF + FTT	22061	Northridge	Geography	26	73	39	4	5
986					70	FTF + FTT	22061	Northridge	Geography	4	73	9	4	10
987					70	FTF + FTT	22061	Northridge	Geography		73	1	4	15
988	$22,729	$49,464	$65,453	$49,498	70	FTF + FTT	22071	Northridge	Political Science	291	503	405	4	2
989	$30,666	$62,157	$84,431	$64,498	70	FTF + FTT	22071	Northridge	Political Science	152	503	234	4	5
990	$51,504	$79,429	$117,769	$87,355	70	FTF + FTT	22071	Northridge	Political Science	48	503	82	4	10
991					70	FTF + FTT	22071	Northridge	Political Science	4	503	9	4	15
992	$39,836	$54,509	$68,182	$56,622	70	FTF + FTT	22081	Northridge	Sociology	705	1,112	890	4	2
993	$45,685	$64,595	$82,012	$67,569	70	FTF + FTT	22081	Northridge	Sociology	443	1,112	555	4	5
994	$52,719	$80,502	$99,836	$81,250	70	FTF + FTT	22081	Northridge	Sociology	132	1,112	181	4	10
995	$23,699	$68,517	$104,447	$65,457	70	FTF + FTT	22081	Northridge	Sociology	10	1,112	17	4	15
996	$47,346	$61,239	$66,976	$59,611	70	FTF + FTT	22111	Northridge	African-American Studies	32	55	47	4	2
997	$45,932	$53,931	$72,261	$58,848	70	FTF + FTT	22111	Northridge	African-American Studies	18	55	28	4	5
998					70	FTF + FTT	22111	Northridge	African-American Studies	4	55	7	4	10
999					70	FTF + FTT	22111	Northridge	African-American Studies	1	55	1	4	15
1000	$33,689	$47,800	$60,075	$47,323	70	FTF + FTT	22131	Northridge	Mexican-American Studies	60	81	68	4	2
1001	$41,986	$51,968	$69,063	$55,067	70	FTF + FTT	22131	Northridge	Mexican-American Studies	30	81	33	4	5
1002	$59,205	$66,379	$73,721	$57,355	70	FTF + FTT	22131	Northridge	Mexican-American Studies	6	81	6	4	10
1003					70	FTF + FTT	22131	Northridge	Mexican-American Studies		81		4	15
1004	$37,951	$59,120	$76,683	$61,036	70	FTF + FTT	22141	Northridge	Urban Studies	67	118	83	4	2
1005	$52,225	$77,387	$87,453	$71,308	70	FTF + FTT	22141	Northridge	Urban Studies	33	118	41	4	5
1006	$83,663	$86,088	$101,733	$85,190	70	FTF + FTT	22141	Northridge	Urban Studies	8	118	13	4	10
1007					70	FTF + FTT	22141	Northridge	Urban Studies		118		4	15
1008	$41,993	$59,862	$71,653	$59,617	70	FTF + FTT	49991	Northridge	Women's Studies	12	25	19	4	2
1009	$49,905	$58,697	$63,811	$56,483	70	FTF + FTT	49991	Northridge	Women's Studies	7	25	10	4	5
1010					70	FTF + FTT	49991	Northridge	Women's Studies	1	25	1	4	10
1011					70	FTF + FTT	49991	Northridge	Women's Studies		25		4	15
1012	$30,710	$42,694	$55,052	$44,503	70	FTF + FTT	22996	Northridge	Asian/Asian-American Studies	15	22	16	4	2
1013	$43,308	$60,752	$68,016	$53,584	70	FTF + FTT	22996	Northridge	Asian/Asian-American Studies	10	22	10	4	5
1014					70	FTF + FTT	22996	Northridge	Asian/Asian-American Studies		22		4	10
1015					70	FTF + FTT	22996	Northridge	Asian/Asian-American Studies		22		4	15
1016	$46,249	$61,225	$73,296	$59,066	70	FTF + FTT	49012	Northridge	Liberal Studies	1,282	1,782	1,500	4	2
1017	$52,681	$69,935	$80,538	$64,835	70	FTF + FTT	49012	Northridge	Liberal Studies	841	1,782	1,022	4	5
1018	$64,801	$78,037	$87,230	$71,072	70	FTF + FTT	49012	Northridge	Liberal Studies	270	1,782	347	4	10
1019	$74,239	$85,901	$97,708	$83,553	70	FTF + FTT	49012	Northridge	Liberal Studies	30	1,782	46	4	15
1020	$43,034	$60,261	$85,461	$62,577	70	FTF + FTT	49993	Northridge	Education	26	33	30	4	2
1021	$64,179	$72,886	$97,491	$75,598	70	FTF + FTT	49993	Northridge	Education	18	33	26	4	5
1022	$81,857	$94,097	$110,988	$91,407	70	FTF + FTT	49993	Northridge	Education	12	33	16	4	10
1023					70	FTF + FTT	49993	Northridge	Education		33		4	15
